#OTU ID	barcode85	barcode26	barcode73	barcode13	barcode49	barcode01	barcode86	barcode37	barcode38	barcode14	barcode02	barcode62	barcode50	barcode61	barcode25	barcode74
Zotu2	739	3753	2011	1597	3875	1948	0	9880	3312	5204	326	1948	5313	351	836	70
Zotu5	640	1449	2082	5697	244	6782	0	527	135	1488	196	56	199	521	3700	1114
Zotu531	38	36	27	46	53	28	1	90	52	28	74	41	89	13	39	0
Zotu1298	16	22	35	29	5	37	0	7	5	15	18	4	15	18	18	58
Zotu14	299	689	952	2739	31	3200	0	88	46	739	92	21	74	218	1770	290
Zotu1918	14	25	7	6	3	6	0	4	16	17	8	13	40	5	7	1
Zotu1295	37	0	63	1	0	0	0	0	0	0	19	0	0	20	0	26
Zotu1	11159	2935	25222	4211	1027	4674	0	1932	2120	3690	3585	957	3041	7853	2584	2497
Zotu41	261	295	354	541	55	464	0	55	379	270	508	259	752	197	393	95
Zotu1841	28	0	45	13	1	14	0	1	5	1	2	3	12	17	11	0
Zotu19	746	166	398	677	159	826	0	257	564	170	1545	555	1328	316	639	4
Zotu840	40	50	44	36	11	18	0	13	26	48	37	27	60	22	39	22
Zotu40	1229	402	618	518	79	646	0	70	83	361	153	95	242	486	566	92
Zotu2467	11	1	18	10	17	6	0	28	4	6	11	2	23	9	8	2
Zotu1123	70	4	44	12	0	6	0	0	2	6	4	1	7	23	7	2
Zotu3794	5	2	3	3	0	5	0	1	2	5	0	0	3	2	3	12
Zotu30	276	313	541	428	90	527	0	142	88	240	312	69	144	221	300	1153
Zotu940	22	14	23	12	1	15	0	6	15	7	6	22	44	14	10	24
Zotu724	21	29	55	4	4	10	0	15	40	51	52	10	66	37	5	29
Zotu13	3538	53	2703	802	1	1020	0	0	0	35	12	0	1	1746	659	454
Zotu49	180	58	991	1118	0	1317	0	3	2	71	4	3	5	89	558	4
Zotu58	206	358	147	150	189	192	0	294	188	312	378	201	501	118	128	36
Zotu72	318	572	390	232	52	308	0	56	67	508	133	50	180	171	218	21
Zotu925	18	34	27	11	1	16	0	2	9	27	56	5	25	15	12	1
Zotu1386	42	27	17	20	5	6	0	1	19	22	7	29	69	12	17	6
Zotu1782	7	0	1	3	20	3	0	59	2	0	21	3	2	1	0	26
Zotu93	342	129	365	331	164	564	0	289	57	188	310	31	80	171	275	5
Zotu2287	9	14	6	19	1	12	0	0	1	18	2	0	0	2	9	7
Zotu2034	8	42	10	29	0	34	0	0	1	25	2	0	1	8	17	6
Zotu512	19	8	47	51	19	53	0	26	56	2	7	42	131	16	45	131
Zotu264	43	76	53	358	3	367	0	8	9	87	24	3	17	17	226	6
Zotu352	314	46	154	69	17	69	0	25	13	27	71	16	46	128	106	12
Zotu166	28	2	17	403	256	381	0	377	3	6	3	1	7	7	295	1
Zotu38	434	497	682	432	183	534	0	281	549	408	417	210	822	292	236	138
Zotu178	247	138	209	31	215	49	0	220	97	134	13	75	213	128	29	104
Zotu806	14	11	5	9	39	7	0	55	17	25	58	11	36	6	6	27
Zotu1280	20	1	80	0	1	0	0	0	2	0	0	2	9	20	4	10
Zotu1022	18	40	27	0	0	0	0	2	8	14	46	12	30	27	0	0
Zotu89	140	53	276	372	116	338	0	218	152	63	245	100	300	89	214	108
Zotu4	2875	3359	4721	2610	1152	3695	0	2064	3697	2762	3025	1564	5750	1848	1526	1109
Zotu71	376	302	667	428	59	451	0	89	50	214	309	42	110	276	301	184
Zotu56	111	112	208	1268	20	1472	0	38	16	96	161	10	17	98	849	56
Zotu243	56	52	98	94	20	103	0	17	17	51	61	11	39	47	56	206
Zotu409	116	0	164	179	1	223	0	0	0	1	5	0	0	77	176	3
Zotu208	139	155	115	94	48	169	0	73	283	132	142	137	556	57	54	270
Zotu427	99	1	142	209	0	101	0	1	11	6	11	6	26	100	162	10
Zotu17	601	439	899	284	62	295	0	76	524	457	3512	318	953	466	168	294
Zotu811	42	41	27	61	11	47	0	13	19	55	21	12	0	21	34	0
Zotu669	40	28	40	33	13	38	0	36	47	32	44	31	75	9	24	0
Zotu69	196	42	280	309	71	313	0	137	62	37	44	54	134	131	177	610
Zotu492	124	3	166	63	0	81	0	1	0	8	6	0	0	54	32	0
Zotu6	1444	1332	3590	3703	843	4387	0	2317	942	1939	118	611	1700	594	2154	69
Zotu200	108	35	96	116	0	141	0	5	71	53	333	40	95	67	103	43
Zotu777	24	9	38	34	47	37	0	52	13	12	34	18	34	18	14	10
Zotu141	126	62	219	275	18	265	0	36	75	72	121	54	148	67	195	86
Zotu3808	7	13	13	6	2	7	0	7	19	22	13	4	31	8	3	22
Zotu97	263	241	430	191	54	287	0	144	168	186	234	91	263	173	114	53
Zotu52	407	135	699	454	0	382	0	2	98	201	1283	73	177	280	334	156
Zotu7	608	851	323	530	56	3216	0	129	4204	672	2082	3260	3184	101	1734	206
Zotu1599	16	2	31	28	0	23	0	0	3	4	1	1	6	12	13	9
Zotu543	23	10	26	26	0	23	0	0	55	8	114	57	130	12	22	51
Zotu1224	69	5	60	3	3	1	0	5	2	13	5	1	3	48	2	0
Zotu1421	18	30	8	13	3	17	0	15	26	30	12	18	59	5	2	10
Zotu1265	19	33	11	14	5	21	0	1	27	21	10	10	48	11	9	13
Zotu380	80	74	27	14	15	52	0	29	32	104	338	34	30	47	36	55
Zotu613	92	0	54	17	0	19	0	0	73	4	35	69	132	55	16	1
Zotu433	42	44	85	113	8	124	0	5	18	62	89	9	23	24	90	125
Zotu34	805	331	535	447	13	461	0	15	369	281	414	164	566	479	301	341
Zotu45	302	267	373	441	137	549	0	253	301	209	616	261	652	209	299	327
Zotu194	96	117	168	150	30	162	0	80	30	122	115	18	42	73	83	744
Zotu532	37	27	49	63	1	70	0	0	52	22	103	32	95	13	53	6
Zotu294	39	26	82	35	173	35	0	187	4	15	45	6	9	27	14	27
Zotu53	146	123	126	1182	1	1729	0	0	210	168	721	130	374	47	696	53
Zotu245	1	164	1	220	19	272	0	15	311	105	59	145	401	0	118	1
Zotu46	205	1237	108	9	1	0	0	1	137	1152	179	236	405	62	0	163
Zotu1367	47	17	37	96	14	67	0	24	1	8	7	0	3	22	34	2
Zotu24	447	790	407	659	265	626	0	292	567	506	645	567	1211	302	832	99
Zotu443	41	26	67	44	18	82	0	26	8	29	42	6	23	10	28	130
Zotu324	82	52	123	145	5	154	0	4	58	68	111	37	128	49	102	338
Zotu2147	13	17	19	10	2	23	0	3	4	13	6	1	10	15	6	19
Zotu1200	41	2	108	20	0	45	0	0	3	2	15	2	1	27	18	1
Zotu2075	19	20	3	2	0	0	0	0	4	48	47	2	8	8	0	0
Zotu113	117	458	91	41	74	72	0	92	193	346	334	182	484	59	60	78
Zotu106	173	230	273	162	82	256	0	115	219	173	195	99	307	137	98	66
Zotu911	182	1	6	15	0	4	0	2	6	2	63	12	7	93	8	4
Zotu363	63	66	122	176	37	136	0	61	15	56	55	9	32	23	114	26
Zotu48	388	222	344	941	117	1114	0	225	154	213	335	98	173	248	802	43
Zotu37	205	332	153	545	272	318	0	388	384	121	175	585	1576	147	638	53
Zotu39	358	335	782	1478	314	1496	0	569	89	392	124	84	201	252	952	1
Zotu292	113	14	127	107	2	100	0	1	146	9	48	116	235	80	80	20
Zotu784	20	5	38	44	21	57	0	40	27	7	41	26	39	15	16	2
Zotu15	736	186	1056	1313	94	1497	0	167	629	134	1207	476	1332	612	738	22
Zotu505	45	58	78	53	15	71	0	22	67	41	33	32	121	31	22	20
Zotu35	31	230	67	90	473	111	0	887	956	341	551	476	1382	11	35	76
Zotu289	170	127	70	56	61	26	0	90	38	148	32	44	34	34	80	3
Zotu474	95	33	15	5	0	12	0	0	63	35	106	56	116	33	9	0
Zotu225	41	124	55	323	0	395	0	0	27	109	4	28	51	33	223	0
Zotu3365	20	2	6	5	0	7	0	0	0	3	7	1	0	1	6	1
Zotu172	276	178	563	232	152	200	0	251	115	110	45	73	223	183	164	0
Zotu839	2	67	12	27	0	42	0	0	3	54	8	1	5	1	25	7
Zotu153	102	0	209	192	0	286	0	0	63	2	5	60	127	54	506	0
Zotu206	182	100	190	104	6	85	0	15	139	111	168	106	249	113	78	7
Zotu272	49	111	118	77	87	81	0	168	4	135	2	6	13	25	47	1
Zotu1274	39	0	8	29	7	36	0	13	4	1	11	2	1	17	30	1
Zotu1195	1	2	0	1	0	1	0	0	5	1	8	8	8	0	2	137
Zotu261	178	34	100	11	1	12	0	0	137	27	176	46	225	148	12	9
Zotu1229	20	3	26	6	0	5	0	0	20	3	15	10	33	7	3	0
Zotu1241	64	2	61	4	2	1	0	0	0	2	2	0	2	35	1	2
Zotu2736	12	0	10	31	0	35	0	0	0	0	0	0	0	3	14	1
Zotu809	22	8	21	40	11	50	0	28	27	13	16	30	107	7	67	4
Zotu3453	12	0	5	2	0	3	0	0	3	1	0	0	0	3	0	1
Zotu473	22	64	112	12	14	25	0	14	70	111	33	26	128	21	7	90
Zotu431	146	29	158	103	0	96	0	0	0	35	6	1	1	69	64	0
Zotu12	994	1238	907	786	209	894	0	251	769	1295	1968	660	1219	475	589	397
Zotu1880	20	0	14	16	4	28	0	12	13	1	22	4	28	8	7	1
Zotu3616	1	6	3	0	0	0	0	0	9	4	22	2	18	0	2	2
Zotu103	518	321	276	3	238	3	0	344	57	247	205	28	86	289	2	23
Zotu1790	54	4	65	33	5	38	0	5	13	6	10	4	0	32	36	0
Zotu446	111	75	29	19	29	9	0	55	22	73	13	23	31	15	35	0
Zotu8	1501	3057	2745	2881	397	3288	0	470	913	2689	3825	481	1451	1386	1742	80
Zotu101	192	44	376	241	208	251	0	307	212	43	81	145	418	108	179	84
Zotu3207	9	0	18	0	0	1	0	0	0	0	0	0	0	26	0	0
Zotu2163	11	0	7	10	0	11	0	8	13	1	29	6	9	4	4	6
Zotu295	87	20	157	265	14	284	0	10	22	23	55	12	48	51	194	72
Zotu1742	42	0	49	9	7	4	0	14	1	0	2	0	0	23	1	0
Zotu3254	2	1	1	2	0	1	0	2	0	1	0	0	1	1	0	11
Zotu1438	19	20	28	18	18	11	0	5	21	12	12	12	24	11	25	5
Zotu3574	10	8	8	2	8	4	0	7	11	7	8	3	16	1	4	4
Zotu140	96	96	244	269	30	309	0	28	191	96	428	133	398	105	183	7
Zotu519	209	4	454	1	0	0	0	0	4	7	218	4	3	125	1	0
Zotu300	104	131	145	70	135	96	0	167	66	135	118	44	90	46	91	3
Zotu915	28	45	16	14	41	15	0	42	23	41	5	18	29	7	26	1
Zotu104	340	67	668	440	1	518	0	1	80	70	6	47	137	297	294	0
Zotu1458	66	2	96	0	0	0	0	0	1	2	169	1	6	28	0	0
Zotu998	17	14	22	39	8	56	0	14	9	32	17	4	16	4	13	32
Zotu193	155	184	242	112	43	145	0	69	98	133	131	41	170	105	60	27
Zotu801	39	1	32	40	103	58	0	161	13	1	13	7	1	13	49	0
Zotu623	4	58	12	13	12	5	0	20	35	82	34	15	51	5	3	5
Zotu125	105	99	148	149	40	149	0	63	102	66	135	76	204	70	110	226
Zotu2539	4	8	7	8	0	11	0	2	0	28	3	2	6	2	4	3
Zotu860	17	30	40	33	6	34	0	8	4	27	86	1	4	16	11	10
Zotu1068	83	3	40	84	1	100	0	0	1	6	0	0	3	11	78	1
Zotu348	69	97	181	35	15	73	0	46	26	137	99	12	38	80	32	35
Zotu318	104	8	190	60	51	75	0	96	16	6	121	13	33	68	39	24
Zotu725	26	2	79	47	9	49	0	18	20	6	52	9	39	24	31	94
Zotu85	189	39	361	620	11	691	0	35	3	61	84	2	10	81	355	56
Zotu643	181	1	15	0	0	1	0	0	0	3	74	0	0	132	0	66
Zotu650	55	18	31	6	29	10	0	35	36	4	146	16	117	9	3	0
Zotu383	82	18	128	115	71	135	0	112	20	21	108	10	29	65	72	74
Zotu279	153	52	329	256	58	242	0	72	9	74	27	10	21	97	146	3
Zotu151	93	82	114	285	65	337	0	132	59	104	196	27	89	31	205	119
Zotu269	62	31	120	104	0	114	0	1	77	48	269	56	165	22	72	4
Zotu190	144	131	227	260	53	265	0	79	15	150	45	16	44	110	146	19
Zotu136	173	55	208	469	132	455	0	193	4	52	0	3	2	96	320	22
Zotu175	43	121	11	194	307	202	0	394	2	87	1	1	1	13	151	8
Zotu1816	10	5	10	3	0	0	0	0	8	5	0	8	23	11	1	0
Zotu4221	6	6	6	6	0	14	0	1	10	3	6	2	9	5	2	3
Zotu80	390	6	682	654	24	874	0	35	7	6	5	7	13	218	346	19
Zotu1121	43	6	57	9	3	70	0	13	10	16	43	8	7	8	28	0
Zotu77	363	109	321	908	98	870	0	170	59	80	222	46	59	207	731	0
Zotu642	74	3	40	0	31	1	0	33	63	9	84	57	99	38	1	0
Zotu1564	35	2	33	13	5	42	0	7	5	2	26	2	2	14	11	0
Zotu2045	7	6	21	1	0	1	0	0	1	2	24	0	7	5	0	3
Zotu736	93	72	47	9	12	7	0	19	2	53	9	5	12	46	4	16
Zotu551	36	0	74	3	0	8	0	0	0	0	39	0	0	33	5	275
Zotu526	88	87	80	131	11	47	0	15	113	71	0	24	140	39	42	16
Zotu400	91	66	60	116	1	131	0	0	30	61	52	31	6	46	83	1
Zotu2959	3	0	2	0	0	0	0	2	6	3	0	14	19	1	0	1
Zotu428	82	0	101	252	1	279	0	2	0	0	10	0	0	75	129	0
Zotu737	201	22	122	8	1	8	0	1	18	21	176	16	34	135	6	26
Zotu18	656	794	1011	602	248	808	0	477	982	610	701	421	1600	453	358	298
Zotu145	261	172	135	381	48	380	0	58	128	159	103	79	251	146	250	59
Zotu74	204	172	122	53	52	38	0	51	358	92	61	591	1645	104	80	29
Zotu1362	18	0	8	60	21	59	0	37	0	0	0	0	0	5	35	0
Zotu220	331	48	692	7	0	17	0	0	75	29	354	73	90	167	13	1
Zotu326	75	29	46	34	10	20	0	11	198	119	171	143	361	48	19	33
Zotu95	200	35	288	270	186	242	0	330	0	34	56	1	1	118	195	3
Zotu25	441	145	970	647	0	657	0	1	140	202	1292	83	334	281	300	324
Zotu111	64	34	71	939	455	982	0	481	13	33	45	7	26	24	735	204
Zotu2606	12	0	20	6	0	1	0	0	4	0	5	6	14	5	5	10
Zotu518	18	24	34	57	0	77	0	0	12	36	68	13	30	5	32	1
Zotu10	55	655	79	6	12	69	0	33	1788	729	8695	1318	1468	22	29	5
Zotu23	394	458	411	429	106	550	0	223	279	569	938	197	609	188	321	864
Zotu44	134	194	182	250	33	315	0	79	770	163	377	737	1726	67	218	25
Zotu3382	21	3	12	3	0	3	0	0	0	5	0	0	0	17	17	0
Zotu1688	22	13	32	13	0	15	0	0	3	13	2	7	5	7	29	1
Zotu3283	30	7	13	9	0	13	0	0	0	9	0	0	0	12	18	0
Zotu257	102	101	176	131	0	137	0	1	96	87	185	58	149	81	119	27
Zotu3809	9	2	7	5	3	7	0	7	5	2	6	1	1	5	7	12
Zotu898	12	4	37	31	22	48	0	46	0	7	0	0	0	5	27	0
Zotu114	172	8	160	392	70	449	0	147	176	9	194	163	296	159	291	170
Zotu1604	30	0	8	7	5	35	0	9	12	1	16	5	29	11	10	2
Zotu50	906	240	447	136	87	151	0	99	230	170	422	137	347	512	88	273
Zotu903	38	0	58	92	0	85	0	0	3	2	40	0	3	29	44	22
Zotu4232	3	0	0	7	0	17	0	0	0	0	0	0	4	2	11	0
Zotu1191	6	14	25	14	17	22	0	12	9	19	29	21	39	13	15	13
Zotu393	52	104	95	59	1	59	0	3	21	166	47	14	44	25	28	65
Zotu76	311	180	322	419	118	381	0	169	160	163	115	133	299	145	327	139
Zotu495	11	123	6	6	1	8	0	0	41	93	73	45	129	12	6	5
Zotu1642	26	6	24	26	8	17	0	0	5	9	25	6	4	10	13	0
Zotu4411	3	0	0	1	0	3	0	0	0	0	1	0	1	3	2	1
Zotu425	43	82	37	29	17	56	0	17	80	94	59	32	123	71	19	165
Zotu263	148	37	73	5	85	5	0	91	134	41	102	103	228	67	3	113
Zotu98	255	239	214	180	246	176	0	326	147	241	307	105	283	143	159	22
Zotu288	81	111	91	137	24	139	0	31	190	174	137	46	267	69	62	126
Zotu298	61	64	109	311	11	324	0	18	1	53	16	2	6	56	246	5
Zotu3600	6	4	8	9	6	10	0	14	13	2	4	7	6	3	6	8
Zotu287	52	88	107	278	0	316	0	0	3	39	2	5	14	41	205	5
Zotu332	116	29	96	149	3	137	0	5	66	26	66	36	156	47	102	14
Zotu160	80	66	189	111	34	168	0	49	25	83	120	16	48	73	84	414
Zotu139	216	131	436	154	3	162	0	2	125	108	550	67	207	192	70	206
Zotu1464	35	0	11	0	2	0	0	6	13	5	16	21	36	12	0	1
Zotu239	201	85	309	60	23	67	0	13	24	44	14	10	39	81	22	15
Zotu1819	24	11	39	21	9	47	0	12	32	7	17	5	36	22	23	5
Zotu751	21	36	35	13	14	38	0	11	28	34	45	17	43	16	19	31
Zotu4170	7	3	7	11	28	3	0	31	2	11	6	3	9	3	3	3
Zotu618	42	19	69	97	1	94	0	2	7	16	17	2	10	29	64	0
Zotu262	162	9	107	34	0	133	0	0	67	16	491	54	82	39	122	12
Zotu169	128	117	193	145	52	267	0	94	108	68	189	68	206	98	110	26
Zotu134	194	158	417	218	126	275	0	190	54	99	127	54	140	182	127	89
Zotu265	19	61	5	112	31	96	0	62	94	40	193	77	114	6	140	34
Zotu470	3	43	8	5	128	12	0	239	1	65	25	0	2	1	1	2
Zotu302	85	20	109	116	7	166	0	20	46	53	87	51	128	37	159	1
Zotu1964	19	12	39	15	8	39	0	12	6	14	42	5	12	19	17	8
Zotu186	83	8	99	102	67	186	0	216	90	11	39	61	190	28	73	16
Zotu1905	4	3	8	9	0	14	0	1	6	3	14	7	15	2	12	5
Zotu304	40	71	26	5	0	4	0	1	112	47	92	156	321	21	9	1
Zotu83	154	61	779	458	16	624	0	28	1	91	1	4	0	61	256	2
Zotu3	88	1316	840	7422	68	6692	0	90	5859	529	539	5487	439	37	9452	35
Zotu92	375	11	702	354	0	437	0	8	0	21	55	2	5	144	209	64
Zotu1418	10	4	16	22	0	26	0	2	2	10	2	2	4	2	12	14
Zotu421	142	2	9	11	1	15	0	1	8	1	467	12	5	60	17	3
Zotu828	97	9	191	0	0	0	0	0	17	6	118	14	6	44	1	0
Zotu3261	5	2	4	0	0	0	0	0	5	4	20	7	15	8	0	8
Zotu150	163	16	227	572	2	693	0	1	4	15	8	4	2	117	406	5
Zotu2491	2	1	5	1	3	3	0	11	3	3	2	2	5	1	2	2
Zotu420	110	51	54	32	17	25	0	23	24	83	103	37	41	34	13	2
Zotu59	494	141	490	661	222	781	0	256	7	115	48	8	11	248	510	35
Zotu690	79	20	104	55	39	61	0	55	18	18	5	6	33	33	56	24
Zotu3424	26	0	12	0	0	0	0	0	0	0	3	0	0	20	0	0
Zotu307	140	0	129	368	0	449	0	0	0	0	1	0	0	56	187	0
Zotu1853	8	3	26	9	1	19	0	0	5	8	8	1	11	5	6	2
Zotu189	201	45	324	173	24	189	0	27	186	34	292	119	380	192	97	126
Zotu1013	54	1	76	58	8	48	0	10	2	1	11	2	4	24	53	0
Zotu2227	15	0	19	4	9	6	0	14	1	0	1	0	0	13	9	10
Zotu55	300	169	258	85	1	73	0	3	311	138	1394	190	534	234	48	2
Zotu335	116	60	74	51	124	62	0	104	17	51	47	18	48	44	45	49
Zotu646	15	15	18	62	4	30	0	2	32	25	98	38	305	5	69	2
Zotu1381	7	20	4	20	9	16	0	23	0	12	0	1	5	2	34	25
Zotu1983	23	0	33	2	5	2	0	7	0	0	0	0	0	56	0	1
Zotu1650	2	0	0	0	74	0	0	64	0	0	0	0	0	1	1	0
Zotu4008	208	63	513	84	18	82	0	33	39	75	71	16	63	131	47	51
Zotu78	217	357	346	269	87	273	0	127	134	428	449	83	223	135	148	91
Zotu60	63	45	77	300	119	276	0	219	411	45	280	336	1058	36	164	0
Zotu461	113	94	26	115	69	77	0	83	31	62	42	11	40	50	68	96
Zotu4196	5	5	0	3	1	4	0	1	2	2	0	4	2	1	0	3
Zotu1960	20	10	1	21	0	27	0	0	0	21	7	0	2	7	15	0
Zotu2264	28	0	8	0	5	1	0	13	9	1	16	15	14	16	1	0
Zotu865	44	6	36	70	6	54	0	19	0	16	1	0	0	11	102	0
Zotu3343	9	5	11	11	0	9	0	0	7	6	1	0	7	4	8	0
Zotu2181	5	2	15	5	1	5	0	1	2	5	18	0	0	9	0	2
Zotu31	38	268	197	1888	10	2226	0	31	2	374	3	0	1	27	1034	16
Zotu4453	7	0	6	0	0	0	0	0	0	0	0	0	2	2	7	1
Zotu935	16	10	61	52	11	56	0	11	0	5	1	0	0	9	36	0
Zotu740	25	8	52	28	14	32	0	12	62	12	105	27	87	28	24	12
Zotu2512	1	1	1	2	6	3	0	10	5	0	10	4	9	0	1	0
Zotu746	30	34	42	19	0	26	0	5	13	31	55	15	47	26	12	1
Zotu1543	6	12	7	13	0	6	0	0	9	5	22	11	17	7	9	0
Zotu602	33	52	34	24	19	42	0	33	86	80	50	22	105	22	13	63
Zotu149	229	87	397	92	36	105	0	39	105	81	67	90	217	170	52	70
Zotu528	34	37	41	49	35	48	0	63	34	45	76	40	107	21	48	13
Zotu831	20	0	20	2	18	5	0	56	35	0	0	19	56	10	6	0
Zotu529	85	2	6	3	12	2	0	14	12	4	395	15	21	26	2	33
Zotu4278	3	2	5	4	0	1	0	2	1	2	11	1	3	2	0	6
Zotu81	119	158	560	200	56	247	0	108	54	179	520	25	78	82	95	263
Zotu899	31	10	77	55	22	43	0	43	12	4	53	5	26	22	23	4
Zotu323	178	16	104	155	31	121	0	20	22	15	16	53	94	66	148	8
Zotu1120	12	6	12	2	1	4	0	1	16	10	21	32	27	7	6	0
Zotu63	198	342	178	683	3	690	0	5	185	290	174	111	204	115	465	33
Zotu171	111	117	82	274	64	263	0	76	92	80	80	71	156	74	299	8
Zotu553	35	0	125	140	0	191	0	1	0	0	0	0	0	19	71	0
Zotu567	28	39	45	44	14	63	0	26	24	33	47	13	38	15	10	45
Zotu177	142	171	114	136	90	52	0	107	103	130	88	185	248	72	53	2
Zotu3206	6	2	9	5	13	9	0	22	0	4	0	0	1	6	5	4
Zotu370	43	49	136	111	8	112	0	18	9	61	43	4	36	17	53	148
Zotu1842	19	1	16	12	34	14	0	29	1	1	2	1	1	12	15	0
Zotu608	38	3	9	39	39	57	0	55	20	8	78	49	94	4	37	0
Zotu3440	17	1	25	21	8	13	0	12	0	1	5	0	1	11	13	2
Zotu1525	11	8	19	13	2	13	0	3	7	3	5	3	13	10	12	0
Zotu207	311	108	310	93	0	193	0	1	26	76	24	21	80	136	132	8
Zotu424	100	27	230	11	7	7	0	14	32	22	149	27	24	58	36	5
Zotu1320	34	10	25	33	10	47	0	12	17	6	35	12	24	7	11	5
Zotu687	57	32	115	33	21	35	0	22	16	20	39	7	29	45	28	0
Zotu4461	10	1	4	1	0	3	0	0	0	0	0	0	0	4	2	0
Zotu1633	15	0	24	0	4	0	0	16	22	0	16	11	24	3	0	3
Zotu156	141	150	171	205	30	251	0	78	130	140	267	70	228	102	151	18
Zotu1430	30	17	9	19	33	16	0	33	12	26	6	5	10	7	18	1
Zotu331	198	68	205	24	0	32	0	0	27	55	49	15	69	77	14	74
Zotu82	166	146	191	242	224	273	0	363	107	122	115	111	223	103	167	78
Zotu716	17	18	20	22	26	19	0	39	20	36	256	12	50	6	21	0
Zotu121	123	37	268	286	222	297	0	293	21	19	11	16	55	83	194	4
Zotu154	70	56	149	700	0	803	0	1	24	48	114	23	43	44	508	17
Zotu562	31	83	23	44	1	15	0	0	75	78	13	49	118	15	26	2
Zotu2971	2	7	4	8	2	46	0	6	5	5	0	0	3	1	20	0
Zotu317	45	136	52	266	4	240	0	13	40	121	29	35	80	23	157	19
Zotu308	65	21	58	65	320	69	0	440	8	21	55	9	7	40	45	66
Zotu345	99	91	41	123	24	197	0	10	30	32	65	26	61	34	109	16
Zotu681	18	10	36	117	27	130	0	34	19	8	9	6	33	11	74	1
Zotu813	65	16	42	51	2	60	0	13	29	8	35	17	43	42	30	33
Zotu1073	24	2	18	44	0	50	0	0	11	1	14	6	32	12	37	0
Zotu1113	27	3	26	22	3	69	0	5	17	8	6	17	59	12	23	7
Zotu1647	9	12	7	5	0	12	0	2	31	9	8	39	57	3	14	1
Zotu1405	56	0	5	0	0	0	0	0	10	0	129	6	9	21	0	5
Zotu1637	9	3	16	24	1	31	0	1	17	1	0	6	31	8	13	15
Zotu229	62	73	200	86	22	96	0	49	78	131	80	22	114	43	57	125
Zotu586	49	19	10	0	1	0	0	0	3	11	143	5	15	28	0	153
Zotu677	18	17	45	24	4	31	0	10	4	12	29	2	10	17	16	77
Zotu322	148	59	96	136	104	166	0	104	3	62	3	4	4	47	181	0
Zotu96	80	2	163	618	5	663	0	7	4	4	2	0	1	55	463	0
Zotu2065	6	5	10	16	2	28	0	3	3	7	6	1	7	11	9	2
Zotu636	76	1	126	67	0	123	0	0	9	2	7	10	15	34	53	1
Zotu906	28	7	35	28	37	43	0	38	0	20	7	0	0	19	14	27
Zotu1114	25	3	10	62	8	33	0	8	13	2	1	5	21	14	53	0
Zotu4459	3	8	5	1	0	1	0	4	5	8	2	1	9	0	2	2
Zotu371	1	0	0	2	0	2	0	0	0	0	1	0	0	0	3	879
Zotu1827	7	3	3	23	2	26	0	6	7	2	2	4	16	6	16	0
Zotu241	67	48	48	67	123	62	0	176	140	36	25	110	230	29	53	0
Zotu640	23	68	62	63	6	73	0	13	3	66	3	1	4	21	59	9
Zotu1100	80	32	76	59	0	51	0	0	0	9	0	1	0	18	46	0
Zotu558	64	23	64	41	51	42	0	76	1	38	54	1	4	14	64	1
Zotu84	184	228	293	159	62	203	0	139	354	196	196	132	526	107	75	86
Zotu3173	2	16	9	3	6	3	0	11	1	11	15	3	3	0	4	1
Zotu1011	13	45	22	8	5	4	0	7	10	66	18	12	31	4	1	13
Zotu133	84	269	179	314	249	359	0	424	13	211	21	7	15	72	246	70
Zotu299	50	54	121	201	44	242	0	116	13	71	57	8	24	32	123	34
Zotu438	60	12	118	107	28	130	0	40	23	7	99	22	45	54	66	77
Zotu2864	13	4	11	6	3	16	0	2	2	6	12	3	11	6	5	3
Zotu638	2	4	0	0	0	1	0	0	35	7	37	37	89	0	1	255
Zotu233	138	120	97	126	19	154	0	37	16	98	200	12	28	73	78	120
Zotu2158	19	15	20	13	7	20	0	9	18	9	20	7	18	17	12	2
Zotu1338	18	15	34	16	0	23	0	7	13	18	30	8	18	13	15	85
Zotu3632	6	0	0	17	3	10	0	8	0	0	0	0	0	1	15	0
Zotu202	143	6	106	325	198	334	0	352	16	9	3	15	24	63	225	1
Zotu1571	25	0	42	11	5	4	0	11	3	2	10	2	7	15	27	0
Zotu563	61	1	80	95	1	107	0	0	2	6	2	1	1	24	127	0
Zotu99	182	278	230	511	384	567	0	568	160	200	29	128	307	87	440	136
Zotu2650	3	3	3	5	0	14	0	0	3	2	13	8	9	4	2	0
Zotu346	49	57	34	183	0	262	0	0	72	53	210	49	94	13	99	10
Zotu1246	19	49	0	0	3	0	0	6	10	58	61	5	27	11	0	1
Zotu1937	7	1	7	15	0	13	0	0	3	0	10	1	3	8	15	0
Zotu1066	21	15	23	41	74	41	0	117	2	13	4	1	4	7	34	2
Zotu62	50	82	467	529	92	887	0	215	87	125	2	86	179	17	361	1
Zotu534	75	65	178	110	17	118	0	26	3	62	1	6	6	52	67	2
Zotu197	34	36	28	297	2	320	0	6	10	38	330	4	16	14	166	32
Zotu2884	11	8	4	4	1	10	0	1	5	7	5	1	28	6	3	18
Zotu51	135	112	406	998	52	1100	0	125	49	172	22	26	68	98	534	112
Zotu119	188	133	312	357	46	370	0	74	148	102	192	92	239	135	196	65
Zotu550	28	40	55	33	13	42	0	10	11	30	17	6	14	21	20	229
Zotu187	51	12	185	155	24	33	0	8	32	8	205	257	79	67	239	687
Zotu3861	9	0	4	36	0	25	0	0	2	0	0	1	3	6	22	1
Zotu2752	7	1	0	0	4	0	0	8	23	0	4	16	10	0	0	1
Zotu826	12	11	30	18	3	16	0	8	1	15	14	3	8	11	9	59
Zotu2197	25	7	9	1	0	2	0	0	2	7	7	4	11	7	1	1
Zotu1678	38	3	26	28	15	20	0	31	7	13	33	5	19	9	15	22
Zotu524	39	127	16	25	4	21	0	4	24	144	51	40	52	18	29	3
Zotu2737	12	2	5	4	3	3	0	1	7	2	2	2	7	1	1	3
Zotu192	407	69	383	162	22	276	0	44	34	66	21	30	43	109	164	17
Zotu916	155	63	80	114	9	99	0	12	10	50	27	14	47	64	91	17
Zotu1387	31	0	9	0	16	0	0	9	15	1	7	9	28	16	0	1
Zotu176	124	183	181	231	90	215	0	86	74	166	47	45	123	91	147	8
Zotu147	152	30	584	177	19	284	0	46	17	39	110	7	20	88	114	21
Zotu430	67	15	56	76	0	75	0	0	30	7	94	36	78	42	84	27
Zotu2326	1	3	2	3	0	4	0	0	7	1	12	7	16	2	7	0
Zotu259	224	270	157	207	3	208	0	6	54	243	180	49	109	65	224	47
Zotu20	99	959	290	223	531	255	0	1339	442	1297	18	240	713	55	143	20
Zotu4017	84	21	218	33	15	46	0	12	18	34	26	12	38	70	30	27
Zotu3823	5	20	21	6	12	8	0	26	3	12	6	0	2	5	3	18
Zotu2732	1	18	1	0	0	0	0	3	3	8	27	1	4	1	0	23
Zotu254	34	371	14	37	0	43	0	0	92	323	26	64	167	29	24	0
Zotu392	33	27	76	53	11	57	0	14	10	33	47	7	23	26	40	156
Zotu230	157	46	224	284	11	324	0	35	18	57	76	10	34	75	196	59
Zotu450	46	0	40	8	129	20	0	263	0	0	62	0	0	26	6	11
Zotu661	83	66	47	1	102	3	0	145	2	40	12	0	7	37	5	25
Zotu822	27	0	17	90	1	145	0	0	0	0	0	0	0	13	68	0
Zotu1727	25	2	59	5	9	3	0	7	1	0	9	0	0	23	3	21
Zotu538	60	30	48	73	9	136	0	18	71	39	58	57	145	27	53	77
Zotu2303	24	0	1	1	15	0	0	21	0	0	0	0	0	19	0	6
Zotu1160	40	11	7	0	72	1	0	70	2	13	63	6	11	22	0	10
Zotu364	87	43	53	16	4	26	0	13	71	60	138	84	179	30	13	38
Zotu610	27	28	34	43	3	48	0	10	4	16	31	2	12	17	17	86
Zotu1449	14	4	38	44	1	39	0	9	1	19	2	0	0	12	18	9
Zotu1130	94	6	25	0	2	1	0	2	2	3	3	2	2	37	0	9
Zotu1059	21	1	31	37	0	62	0	0	1	0	10	1	2	17	40	0
Zotu183	67	54	98	173	5	151	0	5	38	54	631	22	40	39	104	8
Zotu2232	9	14	26	15	0	20	0	6	4	9	15	4	19	17	10	10
Zotu680	31	52	76	48	80	45	0	143	2	62	11	1	2	15	22	12
Zotu804	7	33	43	61	0	68	0	0	0	23	0	0	0	7	38	0
Zotu3063	15	13	8	13	0	19	0	11	2	5	20	6	9	10	14	5
Zotu517	77	6	94	51	62	77	0	60	38	5	1	25	71	41	58	0
Zotu123	31	24	48	256	0	278	0	0	272	27	232	217	545	27	173	50
Zotu415	59	3	3	0	1	0	0	0	8	5	725	13	3	11	0	7
Zotu786	48	0	85	37	0	77	0	0	2	0	0	1	7	25	107	0
Zotu414	156	106	120	117	9	167	0	6	0	180	3	0	0	62	85	9
Zotu988	90	18	67	47	0	51	0	1	9	31	8	6	16	29	27	1
Zotu1496	30	26	13	15	4	34	0	11	8	38	59	12	37	10	10	24
Zotu214	74	86	147	104	22	111	0	32	12	56	81	21	44	50	52	288
Zotu2481	21	0	25	28	2	88	0	4	5	9	47	0	1	4	14	2
Zotu3083	2	3	8	5	2	6	0	8	4	4	2	0	3	2	9	8
Zotu309	69	130	97	62	31	61	0	52	95	144	60	32	99	43	37	24
Zotu28	48	557	17	0	5	1	0	1	939	531	1384	593	1589	14	0	398
Zotu589	47	15	60	32	4	41	0	7	8	15	91	2	14	50	25	15
Zotu1434	12	4	7	11	26	16	0	55	0	3	2	3	7	4	26	0
Zotu668	15	22	21	186	0	243	0	0	0	21	0	0	0	11	173	14
Zotu728	37	1	36	103	45	64	0	58	7	0	1	0	3	16	53	2
Zotu447	57	82	108	84	26	72	0	21	58	73	87	38	87	41	34	0
Zotu1149	26	7	48	23	1	35	0	4	6	8	18	0	11	26	31	44
Zotu159	129	285	175	94	50	121	0	68	86	346	206	33	106	56	44	88
Zotu1806	37	38	57	21	19	48	0	16	51	30	33	18	68	20	17	14
Zotu2963	17	6	16	17	9	28	0	25	20	2	6	8	37	12	9	1
Zotu805	59	19	44	23	0	49	0	2	7	33	2	10	28	21	29	1
Zotu3949	4	2	1	7	0	11	0	1	1	0	3	1	3	0	3	2
Zotu2388	8	2	6	9	1	22	0	6	3	2	0	2	6	5	14	14
Zotu788	27	30	27	23	18	35	0	28	11	17	19	5	29	15	33	13
Zotu1724	23	23	15	15	2	21	0	1	1	47	23	3	10	16	14	23
Zotu1187	31	0	99	10	1	22	0	7	0	0	2	0	0	13	4	0
Zotu1025	15	8	32	29	11	26	0	18	3	24	45	1	2	11	20	20
Zotu464	5	0	8	19	1	21	0	1	0	0	0	0	0	6	4	575
Zotu2162	14	2	4	3	11	4	0	11	0	1	4	1	2	13	0	0
Zotu3633	11	3	7	5	0	8	0	3	2	21	5	0	1	2	9	10
Zotu368	92	17	359	120	1	199	0	5	0	35	1	1	0	35	62	1
Zotu1128	12	11	2	29	5	11	0	4	17	8	5	12	47	2	17	1
Zotu273	114	114	92	70	15	96	0	20	53	142	166	44	135	53	80	14
Zotu100	145	58	483	574	0	763	0	0	3	60	25	0	2	33	304	48
Zotu904	12	34	18	14	13	31	0	41	2	39	15	2	14	11	12	27
Zotu1267	11	0	17	5	40	3	0	101	0	1	7	0	0	1	0	1
Zotu2878	1	9	4	4	0	0	0	2	1	3	3	1	7	1	0	2
Zotu2548	1	0	0	0	0	2	0	0	0	0	0	0	0	0	1	49
Zotu1506	13	11	28	17	2	22	0	8	4	22	39	5	19	3	15	3
Zotu132	205	12	769	153	152	202	0	163	170	19	1	115	287	69	190	13
Zotu2538	13	1	22	23	0	15	0	0	1	5	6	0	0	4	13	0
Zotu1390	21	5	21	40	0	36	0	2	9	6	18	7	21	10	32	0
Zotu3975	5	2	2	1	3	2	0	0	1	1	1	1	1	3	2	0
Zotu2300	15	15	23	2	0	2	0	0	0	17	5	2	4	4	1	2
Zotu1159	31	16	21	30	7	32	0	19	21	11	63	9	36	38	22	26
Zotu373	28	117	22	53	36	48	0	27	38	76	236	58	21	14	48	4
Zotu65	155	198	291	418	87	558	0	189	57	137	376	39	135	88	239	157
Zotu1063	16	13	43	26	34	21	0	50	1	14	18	7	12	23	16	6
Zotu1273	16	14	0	0	0	1	0	0	44	30	0	6	33	5	1	0
Zotu198	117	115	194	133	29	174	0	85	19	174	321	8	22	81	92	111
Zotu621	121	1	9	0	1	0	0	1	2	1	194	4	9	72	3	274
Zotu238	106	133	98	268	0	279	0	0	1	147	2	1	3	30	282	0
Zotu1489	3	8	3	0	1	1	0	2	25	5	32	33	0	0	6	0
Zotu1312	12	13	49	11	0	7	0	0	2	8	30	0	3	17	0	4
Zotu344	35	82	57	41	21	29	0	22	170	108	211	65	204	31	31	229
Zotu1099	20	11	44	19	5	46	0	10	14	11	17	5	23	22	23	21
Zotu966	38	0	33	5	6	5	0	15	30	0	4	17	50	14	5	22
Zotu223	57	484	75	42	4	43	0	5	70	411	253	82	15	16	81	8
Zotu2133	25	2	3	10	0	11	0	1	8	1	0	4	9	3	15	4
Zotu64	123	129	211	227	2	218	0	4	72	144	1302	53	142	101	155	318
Zotu490	23	4	67	174	35	215	0	83	22	3	1	12	36	16	156	1
Zotu2679	2	3	0	3	4	6	0	13	3	5	11	5	0	0	3	0
Zotu2379	8	0	1	3	14	3	0	33	3	0	5	12	14	2	3	1
Zotu1403	1	0	0	0	0	1	0	0	0	0	5	0	0	0	0	186
Zotu86	57	173	214	121	12	149	0	89	82	184	1333	38	95	196	44	45
Zotu853	96	62	54	54	22	38	0	26	0	58	45	0	1	39	26	34
Zotu1126	29	4	66	30	0	19	0	0	20	4	1	9	40	16	31	0
Zotu1183	14	25	4	2	7	9	0	12	15	25	12	21	47	10	7	2
Zotu1137	1	4	0	2	52	3	0	99	1	5	35	0	1	0	1	0
Zotu1012	39	22	48	45	10	78	0	14	35	31	40	8	60	27	38	9
Zotu937	41	4	87	32	12	28	0	32	0	7	2	0	0	31	17	3
Zotu185	188	53	304	142	7	239	0	18	28	55	16	15	51	107	73	58
Zotu4190	4	15	4	10	3	7	0	2	3	19	7	4	5	3	3	0
Zotu599	72	1	69	66	22	51	0	30	13	1	0	16	28	45	49	1
Zotu698	75	26	36	25	36	14	0	40	6	18	21	24	3	36	12	0
Zotu167	147	160	403	304	77	364	0	191	5	219	0	2	8	76	169	66
Zotu3400	23	17	37	25	7	43	0	16	24	10	19	7	27	14	14	2
Zotu157	79	117	114	8	246	7	0	368	45	75	268	35	93	59	5	19
Zotu2973	9	0	1	2	1	3	0	2	18	1	0	14	43	4	3	0
Zotu3082	13	5	21	27	0	28	0	1	0	6	7	0	2	16	21	2
Zotu1865	11	5	9	16	0	27	0	2	1	8	10	2	0	10	9	11
Zotu277	128	50	287	203	42	237	0	77	11	52	24	6	34	72	141	0
Zotu453	33	4	36	87	3	118	0	7	97	1	3	69	164	24	60	72
Zotu1000	5	8	21	15	0	20	0	3	2	11	12	4	10	4	9	30
Zotu1325	12	33	31	15	4	18	0	1	9	21	11	1	19	21	7	15
Zotu2624	17	0	12	0	0	0	0	0	1	0	1	1	5	9	0	1
Zotu341	154	5	242	88	0	108	0	1	5	8	96	6	12	69	42	28
Zotu116	54	83	31	128	505	124	0	507	44	76	71	54	98	22	125	33
Zotu440	21	73	42	39	15	63	0	27	54	47	75	21	84	26	18	89
Zotu1831	21	0	10	22	7	10	0	1	0	0	0	1	0	7	21	1
Zotu2513	28	2	12	7	0	5	0	0	0	0	0	0	2	3	16	0
Zotu75	225	319	176	129	83	395	0	151	518	383	273	215	815	111	85	428
Zotu472	67	44	112	45	3	32	0	1	17	68	24	9	39	40	19	7
Zotu170	118	40	169	164	27	222	0	63	127	48	401	112	215	51	85	130
Zotu2991	30	16	17	0	0	0	0	0	6	17	9	0	6	15	0	5
Zotu247	233	3	32	1	1	1	0	0	0	1	1271	1	5	188	0	22
Zotu237	123	100	71	125	59	199	0	50	49	67	102	42	124	40	129	44
Zotu1883	6	14	17	4	1	10	0	2	8	24	21	5	28	3	2	9
Zotu248	138	33	110	235	25	280	0	49	47	38	87	32	86	86	206	17
Zotu708	49	1	182	76	0	69	0	0	6	0	18	1	1	17	34	6
Zotu1008	23	1	51	12	15	30	0	40	0	4	0	0	1	9	12	2
Zotu347	45	37	33	66	28	87	0	46	5	26	215	6	14	23	45	3
Zotu27	223	216	459	537	11	708	0	24	466	270	852	218	822	167	345	199
Zotu253	145	143	229	230	168	269	0	262	33	117	111	30	83	89	192	20
Zotu2116	22	8	21	7	5	10	0	1	6	17	37	7	12	9	6	0
Zotu471	28	0	10	26	0	49	0	0	0	0	8	0	1	12	21	416
Zotu475	155	16	350	16	3	30	0	2	0	11	0	0	0	61	16	1
Zotu663	5	22	11	57	28	56	0	19	47	17	48	34	110	5	31	25
Zotu1278	33	0	81	49	1	65	0	0	26	5	35	18	35	15	38	56
Zotu1437	17	0	78	28	0	39	0	0	1	0	0	1	3	14	20	7
Zotu2520	3	16	3	2	37	2	0	44	10	9	0	6	17	5	6	0
Zotu1861	1	11	0	1	0	0	0	0	9	14	22	5	15	0	0	7
Zotu2730	9	0	24	7	0	15	0	1	1	2	3	0	5	3	5	4
Zotu448	73	17	120	35	25	51	0	25	22	17	13	10	41	28	21	5
Zotu1886	14	0	5	0	0	0	0	0	16	0	40	7	23	3	0	1
Zotu284	110	75	64	82	3	28	0	2	142	56	1	51	258	26	6	2
Zotu1704	20	13	24	12	3	30	0	8	17	17	21	2	23	12	19	9
Zotu1133	18	20	38	31	1	33	0	9	9	16	22	5	18	31	19	7
Zotu3214	7	2	9	6	1	10	0	1	1	0	7	0	4	1	0	1
Zotu3421	11	2	16	19	0	22	0	0	0	1	0	2	5	8	18	0
Zotu1652	21	12	42	33	8	47	0	8	17	9	31	3	16	23	18	7
Zotu1410	6	11	7	10	2	4	0	5	3	20	49	3	12	8	0	10
Zotu798	29	31	24	47	40	60	0	36	2	36	27	0	7	13	38	14
Zotu305	61	40	74	48	100	50	0	172	63	72	119	44	87	24	47	43
Zotu3030	16	1	9	4	3	3	0	1	1	2	1	3	1	2	7	0
Zotu22	285	257	711	603	27	651	0	43	1147	218	1834	736	2332	220	372	275
Zotu162	56	75	80	197	169	214	0	289	42	63	87	32	70	45	140	3
Zotu1176	55	18	63	29	0	40	0	0	7	54	5	7	24	31	24	3
Zotu232	136	23	265	133	7	142	0	12	58	21	79	37	103	116	74	23
Zotu723	66	0	6	0	0	0	0	0	0	0	169	0	0	45	0	21
Zotu756	91	191	12	0	1	0	0	0	0	164	0	0	1	31	0	26
Zotu4300	15	3	7	2	1	4	0	1	2	1	4	2	0	2	2	1
Zotu1640	17	14	37	17	2	23	0	2	1	21	1	0	0	4	19	20
Zotu1519	13	0	14	54	0	58	0	0	0	0	0	0	0	3	29	0
Zotu1851	4	1	14	10	12	17	0	15	3	2	11	6	13	4	6	3
Zotu1021	53	5	44	78	22	46	0	24	4	5	15	4	3	35	53	5
Zotu1314	38	0	3	13	6	12	0	9	7	0	39	7	5	14	11	0
Zotu142	95	138	229	147	36	177	0	51	34	71	115	17	81	83	117	401
Zotu874	9	5	9	21	1	27	0	0	32	5	19	21	68	8	14	1
Zotu830	28	61	81	19	38	20	0	66	13	58	11	10	22	8	8	30
Zotu573	21	1	37	72	0	151	0	1	1	0	125	0	0	17	128	2
Zotu1023	34	41	18	11	7	12	0	12	39	36	61	15	46	8	1	10
Zotu1178	22	10	39	15	5	23	0	17	42	15	3	19	77	15	18	8
Zotu469	87	12	60	145	32	164	0	36	0	12	1	0	0	43	100	4
Zotu1951	6	0	1	37	1	50	0	0	0	0	0	0	0	2	27	0
Zotu1609	17	3	29	29	11	31	0	19	6	11	6	2	11	9	26	0
Zotu216	47	75	116	107	16	115	0	33	16	66	91	11	41	66	58	287
Zotu1427	38	22	22	23	18	19	0	32	17	20	41	5	19	15	14	1
Zotu455	50	125	33	24	23	52	0	77	86	124	41	29	229	28	18	24
Zotu3617	2	15	9	1	0	3	0	7	2	15	8	4	3	2	0	17
Zotu1591	5	19	22	5	4	19	0	8	7	28	21	7	27	7	1	3
Zotu2615	40	1	45	1	0	2	0	0	2	1	1	1	3	12	4	4
Zotu549	19	89	19	11	9	15	0	12	76	61	28	20	120	11	1	83
Zotu502	20	38	44	16	11	28	0	27	166	24	37	64	194	11	11	9
Zotu1677	15	5	33	13	2	25	0	3	1	5	10	1	5	8	10	5
Zotu1441	3	13	2	10	19	8	0	12	3	16	7	1	3	0	5	0
Zotu2063	4	0	2	14	0	11	0	0	0	0	1	0	0	3	3	95
Zotu2556	3	6	10	0	1	1	0	2	0	3	23	0	2	2	0	1
Zotu1538	15	10	26	19	7	22	0	3	9	9	17	6	24	19	12	0
Zotu1668	30	3	57	2	12	0	0	13	1	0	20	0	2	19	1	0
Zotu1679	16	27	41	2	0	3	0	0	4	13	9	0	1	11	1	0
Zotu1795	12	3	5	34	0	27	0	1	1	5	23	1	3	6	15	1
Zotu1148	20	7	54	0	0	0	0	0	13	6	89	9	31	10	0	0
Zotu533	44	53	52	56	9	71	0	6	46	71	190	27	61	24	71	60
Zotu405	54	16	83	135	24	134	0	46	44	18	110	53	72	16	141	19
Zotu2510	14	0	11	5	5	10	0	14	2	0	0	5	2	4	8	2
Zotu962	56	11	44	40	34	55	0	54	12	26	22	7	6	12	45	19
Zotu837	34	27	59	36	11	56	0	14	33	18	35	11	61	47	34	4
Zotu1276	13	3	27	37	9	51	0	17	9	9	9	2	8	13	23	9
Zotu1102	50	10	29	49	19	44	0	13	13	14	14	11	51	9	80	18
Zotu1318	17	0	28	2	76	1	0	104	0	1	25	2	4	6	0	3
Zotu511	27	3	30	147	1	142	0	2	0	1	0	0	0	12	139	0
Zotu2052	15	6	19	14	0	22	0	4	1	10	4	1	3	5	6	1
Zotu394	78	11	120	169	10	194	0	13	10	9	5	3	14	40	105	23
Zotu782	10	10	23	1	0	3	0	0	19	5	57	44	95	15	5	164
Zotu1075	24	18	60	8	4	15	0	5	25	16	0	19	31	8	9	0
Zotu4138	1	10	2	2	0	4	0	1	0	6	5	5	18	0	10	0
Zotu783	68	10	52	9	0	9	0	0	27	9	125	33	75	26	28	0
Zotu260	129	92	190	98	88	158	0	138	94	71	184	56	171	77	126	85
Zotu130	116	76	224	297	16	289	0	54	72	46	262	89	201	83	175	171
Zotu435	29	30	69	46	9	77	0	23	34	60	17	11	49	30	24	95
Zotu3013	13	0	13	6	0	10	0	0	0	0	0	0	0	4	4	0
Zotu1144	15	1	111	28	5	47	0	6	0	6	0	0	0	6	17	0
Zotu999	18	1	20	6	13	4	0	16	18	0	18	12	32	20	3	6
Zotu1614	16	0	6	55	0	48	0	2	0	0	4	1	0	8	51	0
Zotu422	129	74	51	74	2	37	0	2	56	37	0	25	109	36	23	2
Zotu617	32	52	16	7	15	22	0	36	57	39	15	32	97	9	4	29
Zotu1057	32	0	39	16	28	18	0	65	0	0	3	0	0	18	7	0
Zotu2391	2	44	1	0	0	2	0	3	2	30	51	2	4	3	0	8
Zotu1048	15	15	40	3	8	2	0	24	39	6	85	39	11	3	11	9
Zotu676	35	78	29	24	10	20	0	12	23	87	39	22	41	20	12	36
Zotu2825	5	2	5	5	2	5	0	5	4	1	10	0	9	5	5	27
Zotu3395	21	0	37	2	0	1	0	0	0	0	0	0	0	3	2	0
Zotu2490	6	11	5	0	0	3	0	0	20	7	0	14	28	1	0	0
Zotu2579	6	8	13	4	1	9	0	3	4	11	12	0	4	2	3	16
Zotu3357	14	9	3	4	0	4	0	2	5	8	5	2	14	12	4	13
Zotu4356	4	0	1	0	1	0	0	3	0	3	1	3	7	1	3	5
Zotu1091	12	8	4	15	25	20	0	32	2	8	0	0	3	8	13	0
Zotu1941	5	0	16	39	0	31	0	0	14	1	7	11	27	6	20	0
Zotu168	109	243	106	162	10	142	0	23	194	204	303	165	298	46	117	10
Zotu1703	22	11	18	13	63	15	0	72	18	17	61	12	1	14	17	3
Zotu2088	12	0	32	14	0	13	0	0	7	0	1	3	18	10	17	0
Zotu1216	12	2	21	4	5	4	0	4	12	0	17	10	64	9	9	5
Zotu320	34	29	83	61	16	56	0	28	9	47	52	8	22	27	37	249
Zotu604	45	43	70	39	15	57	0	32	51	35	43	24	89	30	23	13
Zotu118	81	185	238	216	42	271	0	94	134	255	129	41	166	66	107	143
Zotu2789	19	3	17	9	4	14	0	4	3	1	6	4	11	5	9	0
Zotu2078	21	8	20	6	0	12	0	0	1	8	0	1	2	7	10	0
Zotu3193	14	7	13	7	0	17	0	0	2	8	0	2	2	3	8	0
Zotu311	47	29	25	115	56	216	0	130	18	26	26	21	47	19	115	1
Zotu1071	4	64	0	3	0	0	0	0	0	72	93	1	1	0	1	1
Zotu879	11	2	26	53	0	78	0	0	7	2	20	1	7	7	50	21
Zotu4398	8	6	4	8	0	1	0	0	0	5	0	0	1	4	4	1
Zotu280	311	2	349	62	1	63	0	7	9	4	6	3	3	240	52	47
Zotu760	33	9	40	59	27	49	0	51	28	16	15	19	42	15	25	1
Zotu286	121	136	125	50	31	75	0	51	55	152	84	35	90	68	46	0
Zotu184	76	71	285	268	87	309	0	135	38	41	153	24	63	53	167	59
Zotu3638	7	8	3	3	1	4	0	4	4	5	10	3	4	0	3	2
Zotu1064	13	7	21	23	6	31	0	7	18	9	24	2	22	9	15	8
Zotu458	6	15	8	13	5	14	0	7	61	4	127	48	152	6	10	98
Zotu733	67	0	30	24	45	27	0	63	4	3	1	0	14	7	35	20
Zotu1119	25	13	13	15	8	11	0	13	19	10	46	13	34	2	14	3
Zotu2719	1	0	2	6	4	3	0	5	4	1	1	3	14	1	6	0
Zotu270	47	25	149	226	40	216	0	52	26	35	116	11	44	36	149	7
Zotu637	18	48	46	40	13	30	0	22	21	56	10	9	45	14	21	6
Zotu444	50	37	72	57	22	84	0	32	50	29	82	22	74	38	44	11
Zotu4074	3	1	7	10	4	12	0	11	3	1	0	7	8	0	4	2
Zotu276	62	177	36	105	369	85	0	414	85	156	1	29	96	24	74	11
Zotu1165	21	2	27	62	6	62	0	3	0	0	13	0	0	10	46	2
Zotu127	57	285	32	0	1	0	0	0	234	237	344	154	371	24	1	10
Zotu131	35	10	62	652	7	819	0	20	3	9	46	2	2	16	481	14
Zotu2112	20	1	11	1	6	7	0	5	12	2	7	2	11	4	0	1
Zotu429	36	49	80	63	43	54	0	49	44	63	69	13	75	18	26	66
Zotu780	150	28	60	0	3	0	0	3	3	31	5	1	1	51	0	3
Zotu3053	4	3	15	3	0	5	0	0	4	3	2	4	10	6	1	10
Zotu152	72	241	43	351	54	307	0	109	5	178	319	20	17	24	365	32
Zotu764	48	19	25	47	14	37	0	6	29	15	2	19	55	29	38	0
Zotu236	76	33	92	115	110	192	0	217	48	52	117	23	99	35	90	15
Zotu513	85	36	121	59	16	39	0	18	49	56	55	34	119	57	75	19
Zotu398	66	28	88	91	117	143	0	221	8	14	14	17	4	14	94	0
Zotu354	39	45	82	44	16	40	0	23	8	32	47	8	25	17	31	446
Zotu3259	3	1	4	0	2	6	0	2	7	6	3	1	13	1	1	1
Zotu721	86	2	32	36	0	21	0	0	56	7	21	47	57	22	51	15
Zotu1996	10	1	29	13	0	14	0	0	5	3	15	1	9	3	7	18
Zotu1284	25	11	46	32	0	43	0	0	1	10	7	1	1	25	20	1
Zotu487	42	42	19	207	9	276	0	10	26	86	74	23	59	16	143	9
Zotu297	29	22	126	82	236	84	0	422	62	15	1	58	120	19	71	4
Zotu3912	5	6	4	9	2	13	0	4	5	5	10	7	13	6	10	3
Zotu290	62	71	137	109	21	143	0	22	15	68	62	10	36	52	63	291
Zotu1134	9	1	14	15	4	18	0	2	14	0	14	8	39	2	20	47
Zotu1440	15	25	14	10	11	10	0	8	24	28	19	14	43	9	7	8
Zotu2850	4	9	5	5	3	4	0	8	11	5	3	5	10	4	1	22
Zotu735	68	18	70	15	19	9	0	39	12	43	38	11	35	23	8	144
Zotu1632	5	0	7	0	64	0	0	131	0	0	0	0	0	4	1	6
Zotu2242	4	4	18	2	1	4	0	1	15	5	3	8	39	9	4	8
Zotu749	48	9	103	56	112	57	0	160	7	8	1	4	9	24	43	4
Zotu432	29	31	41	26	27	36	0	40	66	35	49	38	88	17	17	10
Zotu667	5	1	16	178	9	191	0	13	1	1	0	3	0	1	164	1
Zotu909	15	29	33	7	4	16	0	14	14	17	144	2	10	15	2	4
Zotu738	26	50	17	27	0	32	0	4	21	38	39	12	30	16	23	92
Zotu87	164	225	246	186	84	274	0	159	394	212	213	139	612	128	96	96
Zotu4294	7	6	11	6	4	22	0	15	8	6	6	7	17	8	8	2
Zotu2353	13	2	12	2	9	8	0	14	0	3	0	0	0	2	6	0
Zotu1834	10	3	14	13	2	7	0	2	1	5	19	0	0	11	4	2
Zotu1365	25	5	28	26	8	46	0	11	19	11	22	9	22	24	22	9
Zotu2604	11	1	17	8	0	9	0	1	0	0	1	0	0	8	5	0
Zotu620	39	28	51	26	0	41	0	2	63	35	117	45	95	18	21	1
Zotu4020	11	4	1	4	6	2	0	3	0	1	8	0	2	0	0	2
Zotu685	32	25	13	28	8	20	0	17	66	10	28	71	160	12	38	8
Zotu536	1	10	1	0	117	0	0	133	23	15	105	16	56	1	0	36
Zotu426	23	101	42	28	69	50	0	138	52	105	32	24	96	13	26	202
Zotu1223	16	8	25	7	0	2	0	0	64	1	20	6	53	13	3	1
Zotu402	71	33	37	106	38	130	0	41	27	47	141	26	17	23	129	1
Zotu515	74	7	115	90	48	134	0	67	8	10	5	3	5	36	89	21
Zotu1786	15	8	4	5	0	27	0	4	8	6	14	1	16	2	2	3
Zotu3127	9	6	4	6	2	11	0	4	2	2	11	4	11	6	2	2
Zotu913	67	64	29	3	35	4	0	30	3	83	16	1	0	17	4	0
Zotu3618	8	4	5	4	1	5	0	2	2	2	4	0	4	3	2	1
Zotu619	70	0	37	81	0	79	0	0	25	1	1	17	48	40	118	1
Zotu600	57	9	97	155	16	179	0	53	23	13	35	16	44	31	90	22
Zotu456	57	54	74	13	10	14	0	16	25	35	96	31	49	34	11	85
Zotu1584	10	0	30	37	0	56	0	0	0	0	0	0	0	6	22	0
Zotu1248	9	2	20	17	0	26	0	0	1	2	13	2	9	8	9	11
Zotu2056	7	14	10	16	0	24	0	0	9	14	12	6	21	2	24	20
Zotu4395	10	0	26	7	0	12	0	0	0	1	5	0	0	5	4	0
Zotu1341	12	8	6	14	1	18	0	0	0	15	13	1	0	3	17	0
Zotu1340	22	9	27	10	7	31	0	5	14	8	18	5	21	9	12	2
Zotu209	90	132	124	98	60	137	0	71	212	94	109	108	325	65	53	44
Zotu1634	7	2	0	21	20	24	0	23	13	8	1	9	36	0	22	0
Zotu2266	8	7	9	37	0	14	0	1	2	2	3	1	2	1	3	4
Zotu1658	8	4	15	10	7	18	0	22	1	2	4	3	7	9	9	0
Zotu255	115	297	198	2	1	0	0	1	21	353	132	14	33	59	1	104
Zotu2881	5	1	10	14	15	12	0	6	2	0	0	0	7	6	8	10
Zotu720	49	8	32	5	0	6	0	1	46	2	10	48	154	17	6	22
Zotu1293	34	29	18	9	6	41	0	11	26	33	59	10	26	4	6	7
Zotu933	15	11	28	34	51	31	0	72	7	11	13	13	11	17	60	2
Zotu204	85	48	206	204	1	225	0	2	102	44	40	69	217	58	155	87
Zotu1451	4	26	9	2	0	0	0	3	14	12	26	12	47	7	1	7
Zotu683	24	19	70	77	0	81	0	0	5	11	1	2	7	14	61	1
Zotu1211	7	0	19	88	0	109	0	0	0	0	0	0	0	4	80	0
Zotu595	29	9	50	33	15	31	0	14	41	16	93	25	97	23	18	20
Zotu554	20	8	187	38	8	44	0	25	1	1	11	0	3	7	20	14
Zotu1764	22	2	2	3	54	6	0	76	1	2	1	0	1	3	9	0
Zotu1701	36	3	84	18	14	14	0	26	5	3	7	5	2	15	7	0
Zotu1561	68	1	29	0	14	1	0	3	3	0	4	3	0	21	0	1
Zotu3366	5	6	4	0	0	12	0	2	1	3	0	0	2	1	6	0
Zotu910	19	31	37	50	7	54	0	10	1	27	13	1	3	9	62	9
Zotu4248	4	2	10	4	16	7	0	27	1	2	2	5	8	3	5	2
Zotu715	48	41	30	10	36	16	0	50	24	40	41	28	72	19	5	22
Zotu1369	12	25	3	0	2	0	0	3	11	38	122	9	29	2	2	2
Zotu2139	21	1	38	14	0	17	0	0	0	0	0	0	0	8	9	0
Zotu221	58	110	86	17	91	17	0	74	76	104	96	87	136	24	15	51
Zotu3383	11	0	3	9	0	5	0	2	0	0	0	0	0	2	3	7
Zotu507	5	2	6	0	8	0	0	17	145	8	50	92	233	3	1	12
Zotu1086	25	16	4	9	3	8	0	8	14	12	49	15	24	10	7	0
Zotu1909	25	6	12	17	13	10	0	12	4	10	6	2	1	6	14	0
Zotu412	143	60	159	25	0	31	0	0	12	59	28	6	23	100	27	85
Zotu1321	62	1	47	6	64	4	0	53	2	1	3	2	2	35	4	2
Zotu927	5	11	10	8	21	14	0	39	5	5	12	8	17	4	7	79
Zotu3410	1	2	2	3	0	8	0	0	0	1	1	0	0	0	2	0
Zotu1079	9	4	9	11	18	13	0	36	14	2	10	8	25	3	12	9
Zotu1077	43	0	150	39	6	33	0	20	0	0	8	0	1	36	28	3
Zotu1310	100	0	106	0	5	0	0	8	0	0	1	0	0	52	2	0
Zotu2495	3	18	6	5	0	2	0	1	21	22	6	20	1	2	4	2
Zotu328	39	71	18	15	30	7	0	37	43	87	238	61	148	17	6	191
Zotu4353	14	10	11	14	2	9	0	4	4	4	3	2	6	7	9	1
Zotu389	115	2	270	123	0	126	0	0	1	0	56	0	1	61	58	0
Zotu939	25	55	41	22	8	15	0	4	28	45	4	2	27	42	18	21
Zotu79	47	473	54	897	0	1079	0	0	2	375	7	2	3	17	637	0
Zotu2469	20	10	43	18	7	30	0	9	0	10	5	1	1	3	13	1
Zotu1881	7	7	17	3	4	11	0	1	1	5	21	2	3	13	6	4
Zotu411	116	4	127	325	0	386	0	0	1	0	2	0	2	83	220	2
Zotu1719	20	15	8	12	7	10	0	9	7	13	7	9	42	3	3	5
Zotu224	89	30	117	110	52	147	0	86	80	28	316	59	120	52	89	22
Zotu66	75	458	219	717	19	802	0	39	49	653	40	32	70	36	395	5
Zotu1826	15	4	17	32	0	34	0	0	7	2	5	7	15	7	29	0
Zotu1209	32	30	19	4	0	1	0	0	35	30	15	26	25	14	6	0
Zotu1078	4	4	9	16	0	6	0	0	11	8	10	9	126	1	8	3
Zotu1903	1	0	1	0	43	2	0	138	0	0	0	0	0	0	0	1
Zotu3000	6	14	17	59	3	91	0	10	0	15	2	0	2	3	44	18
Zotu2126	8	0	5	5	5	7	0	0	4	0	2	2	5	3	5	0
Zotu1649	15	6	14	3	9	1	0	5	6	10	20	8	12	8	2	0
Zotu990	4	4	17	41	0	31	0	7	19	12	7	13	31	5	18	22
Zotu3835	5	0	4	3	4	4	0	6	7	0	1	1	24	4	2	0
Zotu2222	14	0	12	2	8	0	0	11	17	1	14	6	14	3	0	1
Zotu1963	5	11	23	18	2	9	0	5	10	10	36	10	17	9	9	29
Zotu1829	12	9	9	11	2	9	0	5	6	11	6	1	5	4	5	76
Zotu3104	11	0	11	0	0	1	0	0	0	0	0	0	0	5	0	0
Zotu577	25	42	44	140	1	152	0	0	13	21	35	15	24	25	91	3
Zotu467	64	19	121	69	0	58	0	1	39	16	71	34	87	48	47	51
Zotu900	7	1	8	9	0	8	0	2	0	0	5	0	1	5	11	292
Zotu70	27	71	268	947	50	1080	0	137	6	99	1	5	15	23	528	0
Zotu934	20	21	25	15	8	39	0	8	9	33	6	3	8	5	7	65
Zotu2020	22	0	8	14	2	18	0	6	0	0	2	0	0	6	11	0
Zotu598	50	40	37	87	17	97	0	26	25	46	33	23	44	28	80	4
Zotu612	51	16	86	42	17	36	0	41	13	13	31	7	21	33	34	87
Zotu3607	18	7	11	19	16	4	0	14	2	13	11	3	5	5	6	1
Zotu1707	2	0	7	9	1	6	0	1	6	0	2	5	18	0	12	1
Zotu2412	1	0	0	1	1	0	0	2	0	1	1	0	0	1	0	70
Zotu2374	12	9	22	5	0	1	0	1	4	15	0	1	10	6	1	1
Zotu336	51	17	33	96	43	143	0	78	96	22	124	102	133	6	126	13
Zotu544	62	13	144	0	0	1	0	0	13	10	774	4	14	37	0	0
Zotu626	28	4	15	22	80	43	0	151	21	4	3	11	37	9	48	6
Zotu1275	36	43	29	0	0	1	0	0	0	31	0	0	0	13	0	1
Zotu480	50	8	130	93	13	121	0	35	1	7	17	0	5	55	59	0
Zotu3388	2	2	11	2	0	2	0	0	0	4	0	0	2	3	0	0
Zotu1820	76	0	15	22	3	20	0	3	1	0	4	0	1	8	16	0
Zotu1101	33	25	7	7	6	6	0	4	25	41	73	14	76	11	7	1
Zotu1328	14	20	14	37	0	27	0	1	14	14	9	5	19	8	30	0
Zotu182	144	153	431	164	12	181	0	25	85	104	114	66	154	92	105	34
Zotu278	73	4	346	130	16	155	0	45	0	3	3	0	4	36	93	2
Zotu4433	7	2	3	4	0	6	0	0	1	2	6	0	3	2	0	1
Zotu2332	7	13	5	30	50	31	0	63	4	7	0	3	9	1	25	0
Zotu164	5	0	6	50	0	62	0	1	0	1	6	0	0	1	24	1403
Zotu767	25	8	10	3	0	2	0	0	42	6	42	56	137	2	7	3
Zotu665	14	2	13	98	0	103	0	0	16	2	1	14	37	8	83	0
Zotu3285	26	0	70	0	0	0	0	0	1	0	22	0	3	16	0	0
Zotu68	67	219	45	81	222	117	0	248	282	199	452	283	511	37	66	100
Zotu2239	14	0	42	20	0	21	0	0	0	0	0	0	0	2	19	1
Zotu2082	7	8	14	12	3	24	0	4	9	5	8	3	13	13	13	1
Zotu2580	1	7	5	2	6	5	0	1	8	6	6	6	14	4	4	10
Zotu219	6	0	31	218	262	281	0	404	0	1	2	5	1	2	147	0
Zotu387	60	8	54	117	0	121	0	0	34	22	295	19	68	23	88	2
Zotu867	18	42	6	74	0	92	0	0	0	28	2	0	2	21	65	0
Zotu486	76	20	182	86	21	75	0	35	27	18	35	13	53	29	54	36
Zotu43	6	2	5	42	0	57	0	0	0	0	0	1	1	8	20	4751
Zotu503	37	142	25	87	44	83	0	47	15	135	11	15	38	20	68	0
Zotu1518	18	9	22	9	7	35	0	7	10	6	15	2	25	14	12	2
Zotu488	29	12	84	68	21	88	0	30	11	16	17	9	24	31	41	18
Zotu556	33	51	60	35	4	40	0	15	23	50	59	15	51	16	15	55
Zotu2635	16	22	15	0	0	0	0	2	18	10	4	3	9	0	0	1
Zotu1547	5	31	5	4	0	9	0	1	8	22	12	4	17	3	6	0
Zotu810	33	17	88	80	49	62	0	49	2	11	2	0	5	12	46	0
Zotu1384	14	17	20	16	3	20	0	7	14	8	39	15	54	6	30	2
Zotu797	25	35	39	40	5	48	0	16	22	32	31	7	36	18	8	19
Zotu2601	10	4	2	5	4	10	0	6	2	2	4	4	8	6	5	1
Zotu3277	13	3	12	3	4	15	0	2	11	2	6	6	15	7	5	1
Zotu1143	3	27	14	26	1	18	0	13	4	37	8	5	8	8	12	7
Zotu2442	7	1	9	5	0	11	0	0	2	1	16	1	3	3	7	5
Zotu3175	8	0	17	13	0	16	0	3	5	2	0	0	1	16	17	0
Zotu3121	10	12	19	7	3	8	0	4	12	13	77	9	17	13	3	9
Zotu901	22	28	9	14	26	11	0	31	45	16	6	10	58	34	7	37
Zotu1348	20	32	1	0	0	0	0	1	24	21	22	18	18	7	0	0
Zotu2682	12	2	27	9	1	24	0	0	6	7	3	1	9	6	10	1
Zotu439	67	0	54	0	242	1	0	326	0	0	0	1	1	17	0	0
Zotu922	8	2	8	0	11	0	0	5	35	1	5	70	109	4	0	2
Zotu2100	35	0	31	6	4	5	0	7	4	3	1	1	2	10	7	7
Zotu660	39	22	24	62	35	71	0	96	6	21	4	4	6	22	22	17
Zotu3312	19	0	12	9	11	8	0	4	0	0	0	0	0	18	2	0
Zotu3438	6	1	20	7	4	9	0	3	1	1	3	1	0	1	5	1
Zotu4182	6	2	30	1	2	4	0	2	0	4	7	0	0	2	0	7
Zotu3202	3	1	0	0	0	0	0	0	0	1	6	8	16	0	0	0
Zotu2382	5	10	13	9	3	11	0	3	1	4	3	0	0	8	3	24
Zotu179	25	76	40	248	438	266	0	786	2	111	3	0	2	18	105	2
Zotu199	27	7	41	34	418	65	0	572	29	7	91	5	20	22	32	5
Zotu1493	11	14	16	20	0	35	0	2	5	21	31	5	18	9	17	5
Zotu174	87	284	121	72	675	90	0	748	233	180	0	134	370	42	54	6
Zotu1695	27	12	30	14	4	20	0	3	6	10	5	1	5	17	5	6
Zotu1163	24	17	58	29	22	37	0	24	5	30	10	3	20	10	19	0
Zotu664	1	0	0	133	0	152	0	0	0	0	1	0	1	0	70	1
Zotu1740	8	0	15	14	1	19	0	1	11	0	2	7	18	7	9	0
Zotu747	20	0	35	137	8	184	0	16	4	0	0	0	0	12	124	4
Zotu2930	8	6	4	4	5	13	0	7	21	5	11	4	22	5	7	3
Zotu493	38	81	45	76	33	83	0	67	25	109	60	23	53	23	42	44
Zotu212	86	7	113	468	4	313	0	5	33	6	59	31	42	34	611	169
Zotu1660	31	1	19	19	0	17	0	0	0	0	0	0	0	5	10	0
Zotu566	55	18	73	84	42	77	0	61	30	20	48	21	31	26	59	6
Zotu1097	10	0	29	59	7	55	0	18	0	1	1	2	1	7	34	18
Zotu102	52	22	310	433	4	507	0	18	20	22	704	10	21	28	247	29
Zotu165	82	114	201	131	29	178	0	37	31	75	103	24	60	76	102	361
Zotu2423	3	3	5	3	0	2	0	0	5	2	19	4	13	3	5	13
Zotu2394	2	0	3	5	0	1	0	0	0	1	0	0	0	4	1	71
Zotu3305	7	0	6	3	5	2	0	18	0	0	0	0	0	1	1	0
Zotu884	80	3	108	37	11	43	0	15	4	2	0	4	5	29	47	0
Zotu1428	14	10	25	16	2	10	0	5	7	31	10	2	7	7	7	24
Zotu1232	61	5	9	14	0	6	0	0	10	3	44	6	7	11	6	0
Zotu2522	32	8	44	12	1	6	0	3	1	11	7	0	0	16	3	0
Zotu983	9	17	14	15	77	19	0	79	11	16	12	8	32	7	10	19
Zotu4000	6	3	2	3	24	1	0	40	13	2	28	13	5	7	7	0
Zotu3158	6	2	7	2	0	7	10	0	0	4	7	0	3	2	6	4
Zotu3341	8	6	4	1	1	2	0	2	7	13	1	4	8	2	4	5
Zotu812	168	4	109	1	6	3	0	5	0	0	1	0	0	43	1	0
Zotu349	64	31	117	195	0	249	0	1	12	16	119	14	28	61	140	84
Zotu3306	2	0	2	6	3	1	0	0	6	0	0	11	28	0	7	2
Zotu1391	30	10	30	18	1	20	0	0	9	17	13	8	13	6	4	1
Zotu4222	11	0	17	12	0	10	0	0	0	0	1	0	0	17	6	14
Zotu306	77	19	51	189	87	183	0	141	50	30	188	46	107	48	101	1
Zotu3292	8	3	15	3	6	5	0	6	6	2	7	3	3	2	6	7
Zotu2224	8	12	32	8	2	17	0	7	9	7	12	3	13	7	3	4
Zotu3017	1	8	4	2	0	4	0	1	2	7	4	2	7	1	1	7
Zotu548	48	3	129	136	0	184	0	0	0	6	0	0	0	5	88	7
Zotu3240	9	3	19	5	2	10	0	5	10	2	3	5	19	7	4	1
Zotu3890	18	2	29	6	2	0	0	3	0	11	0	1	0	8	7	0
Zotu2190	14	10	23	11	13	11	0	41	2	5	20	1	4	4	4	1
Zotu712	37	12	24	3	2	0	0	8	63	4	176	45	142	22	1	0
Zotu3227	10	3	0	6	0	5	0	0	0	0	16	0	0	4	2	0
Zotu3951	6	0	2	8	2	12	0	0	0	0	0	0	0	2	13	0
Zotu803	25	11	33	96	0	116	0	0	4	3	1	5	7	22	70	3
Zotu1088	3	2	0	0	0	0	0	0	48	0	10	36	112	1	0	2
Zotu4237	2	0	2	9	3	19	0	2	0	0	1	0	0	2	14	3
Zotu571	37	29	27	63	9	56	0	10	73	62	97	30	97	17	48	4
Zotu1124	19	26	22	22	1	33	0	0	13	13	18	6	39	21	18	1
Zotu3940	3	1	0	1	1	4	0	1	0	0	0	0	0	0	2	1
Zotu1352	9	16	25	24	4	22	0	12	6	13	38	2	12	9	15	20
Zotu2988	4	6	5	4	2	4	0	1	1	3	3	1	4	6	7	11
Zotu918	25	59	11	1	8	1	0	8	27	45	73	40	62	23	1	3
Zotu2811	1	4	3	6	1	1	0	0	3	0	1	0	0	1	1	18
Zotu3320	7	3	7	0	0	4	0	0	0	3	1	2	1	2	2	11
Zotu498	4	31	15	22	2	19	0	10	43	25	153	32	82	3	11	17
Zotu3667	6	0	9	11	0	11	0	0	1	0	2	0	0	6	6	4
Zotu107	45	6	152	801	3	987	0	22	1	15	1	0	2	35	443	0
Zotu381	36	57	93	86	11	96	0	24	13	59	60	12	26	31	46	180
Zotu1593	17	6	15	11	4	21	0	3	4	20	2	1	10	8	4	2
Zotu929	19	20	27	15	8	26	0	5	6	34	56	5	22	8	8	20
Zotu3221	5	4	13	45	0	40	0	0	1	2	0	1	1	2	24	0
Zotu3837	6	0	6	1	0	1	0	0	0	0	1	0	0	7	0	44
Zotu2321	5	11	3	5	1	10	0	2	6	7	24	4	7	1	2	1
Zotu823	16	35	36	32	6	40	0	35	6	57	2	0	7	8	22	8
Zotu1353	53	1	43	0	0	1	0	0	0	1	1	0	0	22	0	1
Zotu2406	26	9	26	25	4	43	0	11	17	11	24	6	24	13	23	8
Zotu539	60	0	136	178	0	105	0	0	2	0	6	1	3	37	195	2
Zotu460	28	16	35	43	12	42	0	14	61	16	3	44	156	9	55	1
Zotu3108	8	2	15	4	2	7	0	1	1	3	10	0	1	5	4	7
Zotu1002	7	37	13	7	5	5	0	8	25	21	17	5	48	3	0	18
Zotu2267	12	9	10	6	2	28	0	10	8	18	18	3	4	2	9	0
Zotu2599	1	0	0	0	1	1	0	0	30	0	0	12	50	1	0	2
Zotu3076	7	3	21	10	1	22	0	3	3	7	8	0	6	6	1	20
Zotu996	5	6	11	11	23	25	0	48	56	10	6	18	82	3	3	4
Zotu1884	24	23	12	20	0	21	0	0	18	22	2	15	30	17	10	0
Zotu2922	4	4	3	4	6	3	0	8	23	5	23	30	43	2	4	1
Zotu658	59	17	92	103	40	108	0	56	2	17	22	1	3	21	57	2
Zotu688	23	17	5	6	9	6	0	12	79	28	30	28	118	6	1	264
Zotu1587	26	17	26	15	9	35	0	17	22	6	15	1	20	13	22	0
Zotu1172	17	21	22	28	1	55	0	4	11	21	10	13	41	6	21	10
Zotu314	42	93	139	72	6	82	0	31	20	82	271	15	29	34	64	29
Zotu1419	10	4	6	11	2	6	0	7	7	3	7	4	10	9	6	15
Zotu2471	12	5	5	4	12	6	0	17	2	3	18	8	10	1	9	0
Zotu365	40	93	36	182	0	147	0	1	0	117	3	1	0	17	178	0
Zotu1107	35	7	21	10	16	30	0	31	13	11	71	4	22	12	13	4
Zotu2756	12	2	6	0	0	0	0	0	5	0	9	0	10	13	0	0
Zotu2087	20	10	33	8	1	19	0	4	0	10	4	0	0	27	10	5
Zotu921	36	18	27	41	5	33	0	7	14	12	2	19	20	15	11	0
Zotu2414	12	6	16	14	0	14	0	0	2	7	22	3	3	6	8	0
Zotu2670	15	0	27	22	2	23	0	5	0	0	0	0	0	13	12	0
Zotu2638	4	2	16	13	0	22	0	0	0	1	36	0	0	2	14	1
Zotu942	60	5	73	42	11	44	0	24	16	38	20	23	34	26	43	5
Zotu1322	41	0	31	17	0	24	0	0	0	0	0	0	0	29	14	0
Zotu941	45	13	81	19	15	26	0	24	0	13	0	0	0	23	13	0
Zotu1590	14	11	8	7	10	12	0	13	5	8	14	3	11	5	4	1
Zotu1308	27	25	31	27	1	22	0	6	11	37	69	11	35	19	24	3
Zotu47	31	24	304	1436	363	1754	0	715	158	31	4	101	360	23	1005	3
Zotu213	20	8	17	94	141	125	0	199	142	12	189	109	253	8	76	4
Zotu1180	15	0	16	61	24	78	0	55	0	0	0	0	0	4	31	0
Zotu390	86	43	119	66	20	137	0	29	19	56	29	5	26	42	51	64
Zotu217	43	165	37	104	0	79	0	4	39	129	650	22	57	32	56	148
Zotu449	14	25	6	1	19	1	0	20	147	23	29	86	224	10	0	10
Zotu1657	18	4	20	6	3	17	0	7	17	2	7	13	30	6	6	4
Zotu361	50	71	108	28	22	54	0	40	75	91	90	25	107	33	27	18
Zotu2722	20	12	8	6	0	6	0	0	7	18	20	9	13	7	8	0
Zotu1531	12	2	21	11	3	10	0	11	2	3	7	0	0	7	3	0
Zotu1259	26	21	6	18	27	7	0	63	0	9	0	0	0	25	18	14
Zotu1006	26	18	30	50	14	48	0	11	8	16	10	6	19	3	47	7
Zotu3950	5	1	8	2	0	4	0	0	0	4	3	0	1	1	3	5
Zotu246	32	18	73	419	5	492	0	15	2	19	39	1	11	33	295	40
Zotu360	52	97	49	46	49	77	0	87	162	96	33	68	247	23	27	47
Zotu1116	20	7	2	0	0	0	0	4	5	9	69	3	27	5	0	17
Zotu3231	1	5	0	1	0	2	0	2	4	5	7	6	19	1	0	0
Zotu2061	12	10	20	12	9	32	0	1	8	14	13	4	13	16	14	2
Zotu4400	13	0	10	12	0	5	0	0	0	0	1	1	0	9	5	2
Zotu2632	12	5	15	14	1	16	0	1	0	5	2	4	2	2	7	3
Zotu4417	13	3	11	14	4	29	0	4	21	1	2	3	27	6	15	1
Zotu210	128	1	330	255	61	277	0	194	2	3	4	1	1	57	165	27
Zotu930	4	49	4	5	29	2	0	39	83	30	64	63	125	2	7	3
Zotu953	40	0	35	63	9	40	0	12	0	0	0	0	0	21	62	0
Zotu2981	10	1	14	11	2	14	0	4	7	5	18	1	9	4	5	1
Zotu1894	5	1	4	0	1	0	0	4	3	1	17	13	17	1	0	0
Zotu32	23	13	19	222	0	232	0	1	0	14	25	1	0	33	105	5019
Zotu3398	4	7	21	9	1	11	0	1	1	6	14	0	2	8	2	0
Zotu1670	11	23	17	12	0	11	0	1	3	18	2	0	7	10	9	11
Zotu240	54	39	145	176	22	179	0	40	70	40	109	45	138	45	117	58
Zotu2447	30	0	18	9	0	15	0	0	1	0	0	4	8	17	4	0
Zotu4047	5	0	8	4	1	4	0	0	0	0	5	1	0	3	7	0
Zotu2808	8	3	23	9	1	10	0	1	2	1	0	5	14	14	15	0
Zotu3738	5	4	4	1	0	2	0	0	1	2	0	0	7	1	3	0
Zotu441	13	43	23	28	114	34	0	195	36	5	61	27	53	8	24	3
Zotu1908	3	1	8	14	2	35	0	7	5	0	0	3	15	2	19	3
Zotu3789	8	5	15	8	1	10	0	2	0	10	6	2	2	2	3	6
Zotu3353	9	4	12	6	0	10	0	0	5	7	6	5	6	7	7	3
Zotu1327	5	44	2	28	0	46	0	0	0	37	0	0	0	0	29	0
Zotu1715	16	5	8	14	0	12	0	0	0	10	0	1	1	6	8	1
Zotu4200	22	5	15	11	4	43	0	14	20	5	9	9	42	7	13	5
Zotu2587	4	11	9	3	2	10	0	6	4	17	46	0	9	19	2	1
Zotu378	65	173	31	6	0	4	0	0	61	130	30	64	233	20	5	0
Zotu1129	22	21	57	50	3	72	0	8	5	14	64	2	12	31	23	10
Zotu108	25	48	215	539	89	716	0	229	41	88	0	13	70	12	364	3
Zotu1953	10	12	10	5	1	8	0	1	0	12	11	0	0	10	3	22
Zotu418	30	42	61	37	7	46	0	18	17	30	43	4	22	23	30	250
Zotu4419	2	5	5	1	2	1	0	2	3	4	8	1	5	0	1	5
Zotu1638	9	1	14	14	4	17	0	6	0	0	0	0	0	4	8	1
Zotu2461	13	3	5	29	0	31	0	0	17	4	37	13	25	9	17	0
Zotu3866	8	11	1	1	3	4	0	6	7	19	14	3	20	1	0	12
Zotu2661	8	2	12	5	13	13	0	48	0	0	1	0	1	8	5	62
Zotu2487	2	0	2	3	2	3	0	9	7	2	7	3	15	2	1	0
Zotu1478	8	1	5	5	8	13	0	19	21	7	17	20	21	2	5	23
Zotu3177	5	0	11	29	1	35	0	2	1	1	1	0	0	3	14	1
Zotu1081	23	27	18	28	0	29	0	3	12	20	22	19	30	23	15	1
Zotu2550	2	2	6	7	11	4	0	19	1	5	9	0	0	1	1	1
Zotu3692	9	6	12	3	2	3	0	2	0	2	6	1	1	6	1	23
Zotu3179	18	39	55	48	34	64	0	65	31	40	2	14	53	5	23	3
Zotu2172	7	4	19	10	7	27	0	4	10	5	5	5	20	10	9	1
Zotu2383	8	3	15	10	4	13	0	4	3	8	5	0	4	3	4	2
Zotu3316	10	0	15	1	0	7	0	0	0	0	0	0	0	13	0	0
Zotu2192	15	1	15	12	5	16	0	13	3	1	0	2	4	1	3	6
Zotu203	26	66	23	34	206	44	0	297	17	96	69	7	35	16	24	671
Zotu143	4	1	10	53	2	85	0	0	0	0	11	0	0	9	32	1339
Zotu4307	6	1	2	1	2	6	0	2	2	2	2	0	2	0	6	0
Zotu1594	21	5	11	13	0	21	0	0	3	5	20	1	2	8	17	0
Zotu1111	24	12	14	31	29	37	0	77	0	2	0	1	1	16	16	12
Zotu1860	6	0	21	15	4	15	0	5	3	0	1	3	3	5	13	0
Zotu1778	7	10	19	6	1	11	0	1	2	3	5	0	1	3	5	36
Zotu3651	3	0	1	9	14	4	0	8	3	0	2	2	5	0	3	9
Zotu885	3	4	1	0	2	0	0	0	2	3	7	11	5	2	2	375
Zotu2674	17	28	1	7	4	6	0	1	1	28	2	1	4	9	12	1
Zotu4342	6	13	10	12	5	14	0	7	8	2	26	1	5	7	9	3
Zotu2619	27	5	24	9	7	10	0	4	0	3	0	0	0	12	12	0
Zotu2900	9	0	33	2	0	2	0	0	0	0	0	0	0	6	1	0
Zotu2622	4	5	3	4	3	3	0	2	4	10	6	2	0	1	4	45
Zotu741	7	1	5	34	0	64	0	0	25	7	35	25	63	4	23	2
Zotu3069	3	2	2	0	0	4	0	0	1	2	4	0	1	0	1	23
Zotu1611	7	0	11	2	32	4	0	31	7	0	24	8	8	8	3	0
Zotu1617	19	3	23	21	2	26	0	11	0	2	4	0	2	13	21	4
Zotu4100	4	1	1	1	12	2	0	14	0	0	5	0	2	2	0	0
Zotu609	42	17	43	58	13	49	0	43	16	19	74	6	38	7	38	51
Zotu3245	11	12	2	33	2	23	0	0	1	16	2	1	0	5	16	2
Zotu1840	21	13	11	23	0	15	0	0	0	5	1	0	0	4	9	0
Zotu26	30	26	332	2377	20	3090	0	37	1	40	0	13	4	15	1392	2
Zotu228	18	295	38	20	108	19	0	144	40	524	56	19	58	7	7	62
Zotu585	14	64	8	1	7	7	0	14	42	54	139	36	70	13	1	80
Zotu2473	8	2	9	0	0	0	0	0	7	5	41	3	11	3	0	0
Zotu2617	8	0	9	6	1	8	0	0	0	1	0	0	1	2	11	12
Zotu3103	2	4	9	6	1	9	0	1	1	6	1	1	0	1	2	7
Zotu2545	7	4	0	0	0	2	0	46	0	3	0	3	0	1	0	0
Zotu2189	5	19	12	0	0	0	0	0	10	16	25	7	16	8	0	0
Zotu3764	4	7	2	0	1	0	0	1	0	10	0	0	0	0	0	3
Zotu1487	20	3	22	3	0	6	0	2	8	5	9	3	12	6	7	3
Zotu3734	7	0	7	8	0	5	0	0	0	0	0	0	0	5	3	0
Zotu2629	8	8	10	0	0	0	0	0	11	2	5	11	18	6	0	1
Zotu1226	10	20	13	8	4	4	0	19	12	35	8	4	34	6	4	6
Zotu2527	7	11	12	15	3	12	0	4	6	13	2	6	9	5	9	41
Zotu1368	10	8	26	7	1	15	0	5	23	7	3	9	36	6	4	9
Zotu2026	20	9	16	15	4	31	0	11	6	20	8	6	30	11	9	15
Zotu579	25	38	54	118	2	119	0	0	24	22	15	22	42	14	78	3
Zotu583	19	59	16	80	3	134	0	7	4	63	73	2	2	16	82	29
Zotu285	81	58	156	327	0	357	0	0	35	49	76	40	68	55	222	17
Zotu2725	5	4	8	11	7	12	0	9	1	3	24	3	3	5	13	1
Zotu4334	14	1	6	8	0	8	0	0	8	2	0	6	6	1	19	1
Zotu1779	15	1	5	27	0	33	0	0	0	4	0	0	6	12	31	0
Zotu1491	1	0	1	1	2	1	0	2	17	0	193	7	21	1	0	0
Zotu105	76	67	147	196	62	215	0	84	116	60	346	94	285	51	105	327
Zotu722	41	11	29	46	12	94	0	20	40	15	35	35	65	29	33	7
Zotu576	37	20	72	28	1	17	0	0	57	10	36	48	128	24	12	1
Zotu4371	11	1	14	11	0	25	0	2	3	13	0	4	7	7	2	26
Zotu4228	4	0	3	4	2	5	0	3	1	1	1	1	5	2	1	0
Zotu2099	22	5	37	22	1	26	0	0	0	10	9	1	1	10	16	0
Zotu1947	17	0	9	20	0	18	0	0	1	1	0	3	0	7	15	0
Zotu3540	2	3	0	10	0	5	0	0	5	1	0	1	19	2	10	0
Zotu2422	1	0	0	1	0	1	0	0	0	0	0	0	0	0	0	81
Zotu3675	6	0	8	5	2	14	0	5	2	0	8	2	4	8	8	11
Zotu1680	15	5	5	62	11	77	0	13	0	7	3	0	3	5	37	0
Zotu696	39	5	32	39	5	46	0	6	40	13	46	26	84	8	54	11
Zotu1817	15	19	11	5	3	9	0	7	18	12	14	19	59	7	11	3
Zotu1436	11	9	54	35	4	31	0	4	3	14	61	7	8	19	12	6
Zotu2130	13	7	23	11	2	13	0	2	4	3	0	3	6	3	7	0
Zotu1243	19	49	19	17	27	9	0	47	18	66	134	15	36	7	7	4
Zotu3711	3	0	2	9	0	3	0	0	0	1	0	0	4	1	0	0
Zotu1090	12	38	41	29	2	24	0	21	9	52	9	4	14	10	16	14
Zotu1891	11	7	8	0	0	1	0	0	1	3	6	12	20	5	0	2
Zotu3867	3	4	4	2	4	10	0	2	2	5	3	1	4	1	4	5
Zotu2358	10	63	10	5	0	5	0	0	17	46	14	10	29	6	8	8
Zotu3019	4	0	1	0	0	0	0	0	0	0	0	0	0	1	0	46
Zotu1277	30	0	17	36	0	29	0	2	6	1	12	10	27	16	16	8
Zotu1291	15	21	6	4	15	1	0	10	6	8	0	7	4	1	10	1
Zotu2861	3	2	10	2	0	2	0	0	2	3	5	3	6	2	1	1
Zotu481	28	20	51	31	21	60	0	34	345	16	4	335	108	15	115	0
Zotu1676	4	58	11	7	1	3	0	12	22	58	8	14	26	0	0	7
Zotu718	17	23	52	29	8	42	0	20	8	30	20	3	3	17	22	91
Zotu808	90	13	103	4	0	5	0	0	30	12	68	21	60	84	4	112
Zotu4204	6	2	12	2	0	3	0	5	6	2	4	5	7	1	0	2
Zotu2307	28	0	31	18	0	15	0	0	0	1	1	0	0	13	15	5
Zotu404	45	46	81	73	67	74	0	132	0	60	16	0	1	17	66	25
Zotu2229	13	1	11	16	0	16	0	0	0	0	0	0	0	4	13	1
Zotu876	30	43	30	1	1	4	0	0	23	39	40	17	55	23	5	3
Zotu2555	5	0	9	0	0	1	0	0	0	0	2	0	0	4	1	57
Zotu2016	19	18	13	4	7	4	0	8	8	13	49	5	11	6	11	0
Zotu419	2	198	47	30	5	61	0	20	2	250	40	0	5	2	17	4
Zotu1988	5	1	0	32	0	29	0	0	9	2	1	2	4	0	28	2
Zotu896	26	16	53	24	1	36	0	11	3	17	0	1	9	26	32	2
Zotu227	33	12	103	391	63	545	0	108	4	16	20	5	9	18	424	4
Zotu948	6	6	28	17	7	26	0	6	5	9	11	3	9	15	10	66
Zotu2368	12	1	18	12	1	18	0	0	0	3	4	1	2	7	5	7
Zotu3882	1	6	2	0	0	1	0	3	7	6	4	1	19	2	0	1
Zotu1218	17	12	13	4	2	14	0	9	9	18	244	5	24	7	11	2
Zotu115	68	202	21	209	45	212	0	86	167	169	294	144	224	35	334	22
Zotu2156	7	1	4	37	33	37	0	64	0	0	2	0	3	2	25	1
Zotu1485	4	18	10	5	9	5	0	6	0	2	2	0	2	5	8	9
Zotu3673	3	6	4	4	1	9	0	5	5	1	7	1	2	1	0	3
Zotu582	27	29	51	29	6	59	0	18	9	20	22	4	9	7	20	97
Zotu821	18	3	46	33	0	25	0	0	32	1	13	18	24	11	24	0
Zotu3612	8	8	16	4	2	13	0	6	3	7	13	2	1	12	3	17
Zotu1252	22	11	24	14	12	15	0	23	4	7	28	7	11	12	9	11
Zotu2377	2	13	3	1	0	1	0	0	4	28	28	4	3	2	0	2
Zotu774	19	19	41	23	11	50	0	16	15	13	19	10	22	32	18	1
Zotu1471	5	69	0	0	0	1	0	1	0	72	1	0	0	2	0	0
Zotu863	30	11	9	26	14	24	0	7	9	13	6	13	5	8	32	3
Zotu2235	15	0	20	27	0	30	0	4	0	0	0	0	0	18	19	0
Zotu1901	8	10	13	2	2	7	0	3	0	12	11	0	1	2	3	38
Zotu274	64	40	171	129	191	135	0	349	1	32	2	0	6	28	104	0
Zotu3721	7	14	8	7	1	18	0	5	8	2	11	2	4	7	8	5
Zotu3319	17	2	11	6	1	14	0	2	9	2	5	4	14	7	6	2
Zotu42	61	231	513	654	225	716	0	750	17	359	1	8	20	31	388	30
Zotu1220	9	17	50	28	41	39	0	64	0	21	7	1	1	12	19	17
Zotu1535	10	3	10	21	1	13	0	2	8	9	50	2	6	8	24	1
Zotu313	38	117	24	31	0	49	0	0	56	152	229	46	156	11	22	3
Zotu1153	17	3	26	78	0	83	0	1	3	4	8	7	15	10	46	11
Zotu1940	22	8	26	8	3	23	0	9	0	11	21	3	2	8	10	1
Zotu995	8	7	8	21	8	48	0	12	12	13	70	9	23	6	21	1
Zotu3504	7	1	3	11	0	6	0	0	1	0	2	0	2	0	9	0
Zotu1131	15	3	21	28	3	35	0	8	13	6	36	4	16	2	11	81
Zotu3583	4	9	1	5	2	14	0	2	0	12	5	0	1	8	5	11
Zotu2011	3	8	8	7	2	4	0	7	9	11	32	8	24	1	2	25
Zotu1109	22	48	11	10	7	13	0	15	13	48	35	15	3	11	9	1
Zotu465	4	0	2	13	0	25	0	0	0	0	0	0	0	1	7	704
Zotu945	24	5	48	59	2	86	0	8	6	12	12	4	9	21	49	22
Zotu1235	32	15	11	18	0	38	0	0	22	15	27	15	53	9	25	0
Zotu1069	28	3	50	56	0	33	0	0	2	3	20	6	19	21	39	0
Zotu662	33	11	28	87	26	84	0	12	35	12	40	16	56	13	66	29
Zotu2695	7	51	2	0	12	7	0	9	3	25	37	1	2	4	1	0
Zotu956	7	0	3	18	1	21	0	0	0	0	3	0	0	0	10	287
Zotu2138	11	2	8	9	0	4	0	0	4	6	9	9	25	3	6	2
Zotu2664	5	3	6	10	11	12	0	21	1	3	16	0	1	2	5	7
Zotu1917	7	18	2	5	9	2	0	13	6	23	7	15	5	1	2	0
Zotu2880	7	4	11	10	3	23	0	10	7	7	10	4	11	5	10	4
Zotu109	68	199	154	169	152	178	0	345	29	259	183	21	59	47	100	66
Zotu2851	8	3	7	8	0	16	0	1	2	3	1	4	7	2	3	2
Zotu2151	24	0	20	10	5	17	0	12	0	0	1	0	1	4	19	1
Zotu1572	16	4	12	28	1	16	0	5	5	9	1	0	6	2	8	52
Zotu1850	14	14	11	2	3	7	0	3	2	20	54	1	19	14	10	8
Zotu2464	3	1	6	21	6	26	0	12	2	0	2	3	9	1	11	2
Zotu897	29	29	68	37	11	38	0	27	2	41	10	2	3	22	22	3
Zotu33	34	2	56	69	1	81	0	1	0	3	22	0	0	41	32	5128
Zotu1207	17	5	31	5	6	13	0	17	5	2	57	3	21	6	3	3
Zotu1171	3	61	2	2	6	1	0	10	3	84	94	1	5	0	0	11
Zotu1924	23	6	36	35	10	42	0	8	1	6	0	0	2	12	18	11
Zotu4089	1	6	2	3	0	1	0	0	0	0	1	0	0	0	1	1
Zotu256	63	126	125	50	35	93	0	74	167	97	117	61	282	49	26	47
Zotu11	32	4	40	122	2	126	0	0	1	2	44	0	2	36	42	12616
Zotu1106	21	64	29	37	5	30	0	4	28	70	43	5	26	11	17	12
Zotu4059	5	0	4	2	0	6	0	0	1	0	14	0	0	4	8	2
Zotu1495	11	39	10	14	8	6	0	13	12	30	3	12	32	5	7	1
Zotu902	11	10	17	0	1	0	0	0	67	0	76	41	101	6	0	0
Zotu3813	8	32	5	9	6	6	0	8	4	43	1	5	14	9	8	0
Zotu750	4	0	15	164	0	216	0	0	5	0	1	2	8	2	97	0
Zotu163	24	34	199	380	42	374	0	123	10	42	0	6	17	14	233	18
Zotu3647	3	0	1	38	0	50	0	0	0	0	0	0	0	0	21	0
Zotu1213	5	1	15	23	24	21	0	68	26	4	36	16	34	2	14	1
Zotu975	32	30	23	17	26	8	0	45	7	33	19	4	13	6	12	0
Zotu3073	2	2	10	2	0	6	0	0	3	4	1	2	6	2	7	18
Zotu976	18	0	35	51	62	31	0	71	0	0	0	0	0	11	46	0
Zotu3954	4	0	0	5	6	11	0	7	0	0	0	0	1	0	6	0
Zotu1723	14	25	5	1	6	1	0	2	2	22	44	2	7	8	0	8
Zotu484	9	37	16	19	103	18	0	142	39	38	134	38	76	11	6	20
Zotu1287	29	6	71	14	0	25	0	0	13	4	6	10	18	15	20	3
Zotu651	39	2	40	32	9	59	0	9	61	4	66	48	21	37	38	5
Zotu3288	5	1	4	7	2	19	0	3	4	0	5	3	6	3	6	1
Zotu3496	1	0	0	0	15	4	0	19	1	0	0	1	2	1	3	0
Zotu671	13	18	104	74	4	96	0	8	1	20	0	0	0	11	62	0
Zotu2003	12	0	19	18	0	15	0	0	1	1	1	0	0	6	14	0
Zotu581	16	9	16	21	25	32	0	75	90	11	23	19	155	7	8	11
Zotu1562	3	0	2	8	0	12	0	0	0	0	1	0	0	0	6	137
Zotu1931	11	4	15	13	6	27	0	8	16	3	2	4	21	15	11	3
Zotu748	24	8	59	83	11	96	0	10	1	6	3	4	7	23	79	12
Zotu1332	24	4	2	6	0	10	0	1	16	3	46	25	25	4	22	1
Zotu1300	28	5	30	26	15	22	0	21	18	8	8	13	27	6	28	3
Zotu739	21	1	7	70	0	89	0	0	24	0	5	23	25	6	104	1
Zotu2734	2	0	13	11	0	16	0	0	0	2	21	1	3	4	4	0
Zotu3204	2	0	9	8	0	10	0	0	0	3	0	0	0	0	6	23
Zotu2096	33	2	49	0	8	1	0	11	4	2	4	6	12	24	0	5
Zotu1481	3	1	1	0	2	0	0	1	0	0	131	0	0	1	0	3
Zotu1157	24	1	20	110	3	117	0	9	1	2	5	2	3	19	79	1
Zotu234	80	86	153	134	26	158	0	46	19	102	58	12	37	67	87	400
Zotu3650	3	0	5	2	20	1	0	17	0	0	0	0	1	1	4	0
Zotu267	32	80	35	50	37	65	0	47	71	62	149	64	158	17	43	67
Zotu2159	4	0	1	0	0	0	0	0	0	0	1	0	0	0	0	114
Zotu2037	13	11	8	3	9	4	0	5	10	9	12	7	13	11	1	12
Zotu627	28	2	17	43	8	58	0	6	34	6	6	37	105	16	87	3
Zotu3781	9	7	5	5	3	8	0	1	5	3	8	2	11	6	4	3
Zotu3962	6	6	11	16	0	6	0	1	12	5	3	5	17	2	1	7
Zotu509	63	77	44	6	1	7	0	2	53	77	227	39	89	31	7	105
Zotu1453	8	28	13	3	1	7	0	7	13	22	60	3	18	5	2	14
Zotu4295	3	3	12	1	21	6	0	19	0	1	0	0	1	5	2	3
Zotu4095	6	1	1	3	2	5	0	5	3	1	2	0	14	2	1	1
Zotu705	29	16	37	51	60	73	0	85	3	12	14	0	1	13	40	20
Zotu2531	4	5	6	18	7	25	0	8	1	3	0	0	1	2	9	1
Zotu353	6	93	33	66	19	98	0	38	76	94	23	57	122	2	16	30
Zotu4139	6	2	6	7	2	25	0	11	7	4	7	4	16	10	4	0
Zotu1766	10	5	17	5	3	9	0	0	27	3	17	8	27	3	2	2
Zotu587	20	10	70	1	104	4	0	152	15	6	73	16	36	13	0	43
Zotu1552	19	14	24	22	6	45	0	9	7	17	20	4	17	12	17	3
Zotu1245	11	16	15	10	2	6	0	3	9	22	13	9	10	8	11	2
Zotu3448	7	5	9	8	1	12	0	0	2	2	9	1	5	4	3	1
Zotu358	33	11	5	8	221	11	0	544	8	23	58	3	14	8	2	1
Zotu4119	11	1	19	4	0	6	0	0	1	1	0	0	0	4	7	0
Zotu1270	13	2	23	35	0	47	0	1	9	1	8	7	16	1	19	11
Zotu128	24	8	25	17	180	45	0	333	796	7	6	149	716	9	17	2
Zotu1448	7	46	13	30	8	20	0	0	13	47	29	6	28	2	24	1
Zotu3156	12	0	13	0	2	2	0	6	0	0	0	0	0	10	1	6
Zotu201	33	6	16	43	0	67	0	0	0	3	11	0	0	16	21	1858
Zotu1770	16	2	8	1	0	1	0	0	4	5	17	2	7	6	3	11
Zotu3748	8	2	12	1	0	1	0	1	8	3	13	3	14	4	3	5
Zotu1272	34	18	16	13	14	10	0	36	8	14	6	3	18	19	3	40
Zotu2341	13	3	7	2	0	0	0	0	4	2	37	3	5	8	0	0
Zotu231	82	76	176	129	27	152	0	36	21	100	99	10	32	65	61	413
Zotu1096	24	5	25	15	5	33	0	12	31	10	20	9	44	19	27	6
Zotu2006	12	6	21	13	10	31	0	15	15	6	13	6	17	12	7	2
Zotu993	13	22	4	103	9	50	0	8	9	45	77	6	23	3	60	0
Zotu979	28	9	17	61	0	22	0	0	43	9	5	20	42	10	27	1
Zotu773	23	9	51	80	15	67	0	17	2	8	3	2	2	15	48	2
Zotu1949	2	0	0	15	0	13	0	0	4	0	25	1	6	1	12	7
Zotu1864	3	4	0	11	2	3	0	0	20	6	9	7	105	1	1	0
Zotu1192	6	11	76	2	2	2	0	0	10	9	49	6	18	39	0	3
Zotu1529	3	2	14	13	4	21	0	7	14	2	17	18	39	4	6	11
Zotu2821	2	8	1	0	3	2	0	7	4	2	18	4	13	0	1	1
Zotu2214	9	4	9	7	3	21	0	3	5	5	15	4	13	7	8	3
Zotu2347	11	17	8	3	4	13	2	4	0	17	9	2	3	7	4	12
Zotu4378	13	2	11	14	5	28	0	9	17	4	6	6	19	9	6	3
Zotu713	12	29	55	33	8	40	0	6	8	29	26	1	11	9	27	111
Zotu4158	13	9	19	6	0	15	0	2	16	5	6	8	31	26	5	2
Zotu980	17	12	10	21	8	21	0	6	13	10	2	11	42	6	16	2
Zotu880	32	11	30	23	15	44	0	13	37	7	15	28	48	10	36	0
Zotu938	20	2	18	124	0	192	0	0	0	1	0	0	0	12	76	6
Zotu958	18	18	33	23	0	32	0	0	29	29	121	14	44	5	22	5
Zotu350	65	37	37	59	11	88	0	33	105	27	141	102	218	15	78	26
Zotu483	30	13	58	49	4	73	0	11	41	16	102	23	66	26	50	5
Zotu1233	22	16	18	24	33	23	0	58	7	16	39	7	13	9	29	0
Zotu3427	7	1	8	10	2	5	0	2	2	5	1	0	1	0	2	3
Zotu652	20	28	42	76	3	59	0	17	23	26	53	22	67	7	38	93
Zotu2589	5	0	0	19	11	31	0	27	0	0	0	1	2	0	13	1
Zotu520	2	0	0	6	0	6	0	0	0	1	0	0	0	1	2	669
Zotu841	14	13	23	9	8	24	0	9	15	7	19	7	29	12	14	21
Zotu4408	10	0	28	0	0	0	0	0	0	0	0	0	0	0	0	0
Zotu796	8	37	10	16	10	25	0	12	44	28	88	43	78	5	34	1
Zotu1769	2	0	5	27	1	28	0	2	0	2	1	0	2	1	13	1
Zotu2832	4	2	1	3	4	5	0	8	2	1	1	3	18	2	4	1
Zotu2401	11	0	15	16	1	27	0	2	4	0	0	0	2	6	10	5
Zotu1017	7	14	15	4	8	3	0	14	33	12	27	18	69	2	1	75
Zotu632	21	2	8	80	3	170	0	7	22	1	0	29	32	1	99	0
Zotu2273	7	4	15	10	2	21	0	7	5	7	3	0	7	7	15	0
Zotu1706	9	0	21	0	8	0	0	8	26	0	13	4	18	15	0	0
Zotu3869	15	2	6	9	1	10	0	0	0	1	4	0	6	3	3	1
Zotu1691	3	5	3	0	28	0	0	41	0	2	10	2	3	1	1	1
Zotu1930	17	0	32	0	0	0	0	0	0	0	0	0	0	20	0	0
Zotu4421	3	6	1	0	0	2	0	0	9	3	2	8	8	0	1	0
Zotu211	24	38	474	22	2	39	0	5	4	90	357	2	10	338	24	14
Zotu1389	21	3	20	2	0	3	0	1	5	6	12	9	28	9	4	40
Zotu1623	17	6	11	20	74	17	0	127	1	2	5	0	1	24	18	0
Zotu2002	1	18	9	4	3	12	0	7	6	32	9	4	10	0	1	3
Zotu852	19	70	27	19	4	24	0	2	16	51	50	24	5	13	26	0
Zotu1550	2	1	4	0	1	3	0	2	1	0	46	2	1	1	4	36
Zotu310	69	18	115	234	158	226	0	243	5	9	3	2	3	17	242	2
Zotu2711	2	5	6	3	0	7	0	1	0	2	6	0	3	2	1	19
Zotu1480	10	0	2	17	0	16	0	0	0	0	0	0	0	7	19	7
Zotu3329	3	6	5	15	1	8	0	3	2	1	5	11	14	2	13	0
Zotu356	49	8	135	389	13	473	0	26	4	18	9	8	24	27	277	7
Zotu674	1	0	7	123	53	136	0	96	9	0	0	10	16	1	94	1
Zotu1392	25	7	30	56	3	62	0	17	13	8	8	6	8	18	56	0
Zotu1214	4	3	5	1	4	3	0	1	21	6	14	35	87	5	12	20
Zotu1625	17	31	49	16	12	20	0	25	43	30	22	14	63	13	5	9
Zotu3768	3	2	1	5	0	0	0	1	2	4	3	4	1	0	0	10
Zotu3390	1	0	2	21	0	17	0	0	0	0	8	2	2	0	14	3
Zotu386	74	14	96	75	50	104	0	61	32	11	156	16	68	38	55	14
Zotu1548	17	9	11	12	12	10	0	16	2	17	2	6	7	5	11	0
Zotu4416	20	0	7	4	1	8	0	2	0	3	0	0	0	5	4	0
Zotu3985	3	1	3	3	0	1	0	3	3	2	1	0	3	2	1	1
Zotu1866	9	5	8	13	4	8	0	5	0	14	8	0	2	7	7	9
Zotu1730	10	3	14	8	1	9	0	1	3	11	9	1	6	3	1	26
Zotu158	42	118	118	156	2	153	0	11	113	142	209	77	222	43	117	37
Zotu1344	9	10	20	32	2	27	0	7	0	9	1	0	1	4	18	1
Zotu1108	17	7	19	10	0	7	0	0	47	5	17	34	99	15	5	5
Zotu2402	8	1	3	10	2	14	0	7	1	1	52	2	9	5	8	2
Zotu1103	15	18	18	8	4	9	0	4	15	19	14	4	11	10	0	34
Zotu3746	17	7	19	14	1	29	0	9	16	7	14	8	24	8	16	1
Zotu684	22	16	39	19	11	43	0	16	47	26	39	28	117	15	21	4
Zotu1376	12	3	39	1	53	0	0	84	12	4	53	11	15	8	0	18
Zotu1463	10	0	32	26	0	33	0	0	0	0	0	0	0	10	26	0
Zotu761	19	5	17	0	125	0	0	157	0	2	12	0	0	17	0	87
Zotu596	5	18	6	1	14	2	0	24	53	9	10	43	216	52	3	5
Zotu1888	12	0	18	9	0	11	0	0	13	0	3	17	33	8	12	1
Zotu3897	5	3	4	3	3	8	0	3	5	2	2	1	10	4	1	1
Zotu729	1	3	1	110	22	122	0	72	0	3	0	0	0	0	52	0
Zotu1870	21	6	19	6	33	2	0	45	12	11	14	9	0	14	4	1
Zotu3355	4	5	11	24	6	24	0	7	1	6	3	0	0	5	13	16
Zotu1825	13	13	12	22	12	14	0	15	5	13	5	0	2	8	22	1
Zotu1329	2	0	1	9	0	18	0	0	0	0	0	0	0	3	5	229
Zotu3466	7	2	1	4	0	3	0	0	0	1	5	0	4	0	3	0
Zotu625	27	9	58	56	4	60	0	10	17	16	72	10	37	27	29	64
Zotu1500	3	0	3	10	0	10	0	0	20	6	87	14	27	3	4	1
Zotu972	19	15	30	34	7	40	0	22	4	29	71	2	9	9	23	45
Zotu765	30	1	47	44	17	62	0	53	12	1	16	10	20	15	38	4
Zotu1385	4	8	5	9	20	14	0	10	105	4	5	6	77	2	8	3
Zotu855	14	26	30	12	6	18	0	22	41	15	15	31	78	9	10	7
Zotu2319	7	0	22	6	4	17	0	6	1	4	19	0	2	4	15	5
Zotu1534	5	0	20	27	10	23	0	19	4	1	0	1	10	5	12	1
Zotu4319	2	2	5	5	1	8	0	2	4	7	8	2	2	2	4	1
Zotu792	18	47	24	60	54	73	0	82	2	52	13	0	5	7	46	8
Zotu2954	11	12	12	6	2	11	0	14	5	9	14	1	14	3	9	18
Zotu1560	20	2	6	20	1	5	0	1	10	6	1	5	10	14	28	0
Zotu1236	10	11	11	5	15	15	0	18	1	8	44	0	0	2	6	3
Zotu3015	3	4	8	7	10	9	0	4	1	1	0	0	1	4	8	0
Zotu2665	1	5	0	0	1	0	0	4	0	3	55	0	0	1	0	0
Zotu802	15	17	42	18	6	25	0	8	6	11	18	4	7	13	16	79
Zotu516	21	112	10	6	149	9	0	238	8	78	26	11	28	10	4	7
Zotu3592	13	12	16	36	6	34	0	17	7	15	35	2	13	14	20	3
Zotu3923	23	3	34	4	0	3	0	0	0	8	1	1	6	7	10	1
Zotu836	5	0	6	6	149	11	0	99	0	0	0	0	0	0	1	0
Zotu4064	1	1	0	2	0	7	0	4	2	2	0	0	2	0	6	3
Zotu2340	13	5	11	6	1	16	0	4	8	4	7	3	14	8	10	2
Zotu873	11	36	1	11	5	9	0	4	5	50	185	6	18	5	9	7
Zotu3856	19	0	4	11	2	12	0	2	1	0	1	2	8	3	8	4
Zotu2916	6	1	8	9	1	9	0	1	6	4	10	2	6	9	3	4
Zotu2919	5	23	4	0	0	1	0	0	8	25	18	10	18	2	0	3
Zotu4014	15	4	8	5	1	22	0	4	4	6	8	2	12	8	11	2
Zotu2675	13	3	9	7	4	8	0	4	8	2	8	4	4	8	7	0
Zotu905	22	15	11	6	5	3	0	20	12	16	174	15	6	6	4	0
Zotu1514	22	0	1	43	0	44	0	0	0	2	1	1	0	7	31	0
Zotu2338	5	12	3	4	1	6	0	1	12	7	8	19	22	0	1	4
Zotu339	30	99	67	127	54	152	0	113	5	101	9	3	13	17	72	54
Zotu2209	7	9	4	3	6	0	0	10	10	9	3	6	21	7	3	0
Zotu4386	6	1	2	0	0	0	0	0	1	3	19	2	2	1	0	0
Zotu2027	1	6	2	1	2	3	0	2	17	10	7	9	34	3	0	1
Zotu675	12	57	12	5	16	6	0	27	96	92	138	58	187	9	7	11
Zotu1299	6	18	26	15	1	19	0	2	24	33	18	4	32	4	8	38
Zotu656	28	82	36	17	15	31	0	70	63	77	22	36	125	19	9	21
Zotu1457	7	7	7	3	0	6	0	0	7	6	66	9	15	3	2	17
Zotu2819	17	2	9	8	0	18	0	4	15	4	11	2	13	3	7	1
Zotu2693	9	4	17	2	12	5	0	29	0	1	1	0	1	5	2	9
Zotu2416	7	22	5	5	2	5	0	13	4	27	39	5	4	2	3	25
Zotu1483	19	0	43	0	1	0	0	0	3	0	198	1	9	10	0	0
Zotu1141	23	3	6	25	41	28	0	51	2	0	22	6	4	5	29	0
Zotu657	42	24	30	38	17	84	0	31	26	18	29	18	68	15	32	6
Zotu753	36	7	81	31	77	37	0	100	2	5	39	8	10	32	27	1
Zotu1262	35	12	44	31	6	62	0	11	31	14	36	13	31	22	17	10
Zotu778	13	56	44	73	2	92	0	2	56	37	11	38	91	10	66	7
Zotu1472	13	3	57	40	1	56	0	5	0	4	4	0	2	9	28	8
Zotu615	23	12	43	78	9	70	0	7	48	6	96	31	104	13	45	0
Zotu557	8	63	23	8	0	11	0	0	12	33	217	15	30	4	10	4
Zotu410	23	67	42	299	10	363	0	10	0	85	45	0	1	20	167	13
Zotu3547	4	0	0	1	8	1	0	6	1	0	2	2	0	0	2	0
Zotu1859	20	8	17	16	6	35	0	9	16	10	14	3	27	16	13	3
Zotu1798	11	9	5	1	0	6	0	5	8	14	65	12	0	8	10	11
Zotu785	7	14	12	45	12	40	0	44	9	7	5	8	13	9	18	111
Zotu555	17	44	45	30	20	41	0	33	52	18	134	35	103	11	17	6
Zotu384	24	38	44	38	19	58	0	37	83	17	30	62	189	16	32	1
Zotu2259	16	0	44	6	0	6	0	0	0	0	1	0	0	24	2	29
Zotu327	4	48	115	9	1	15	0	2	3	72	489	0	3	71	19	0
Zotu2613	5	0	18	18	0	25	0	0	0	0	0	0	0	0	8	0
Zotu2373	6	0	15	31	3	43	0	12	0	2	0	0	0	1	19	1
Zotu3862	5	2	9	1	1	2	0	0	3	0	9	1	1	1	1	9
Zotu3047	1	11	2	14	5	9	0	8	1	17	7	2	6	1	9	1
Zotu4403	2	4	1	1	0	2	0	0	4	6	2	1	23	0	0	1
Zotu605	19	19	54	34	40	29	0	62	26	9	48	20	53	22	13	32
Zotu3363	2	10	12	1	3	7	0	27	13	8	42	4	11	4	3	19
Zotu4227	8	7	0	0	1	3	0	3	8	13	2	4	14	1	1	1
Zotu122	28	6	26	369	1	475	0	1	190	1	30	121	240	19	419	44
Zotu2923	14	4	16	27	10	27	0	13	1	2	1	0	3	2	13	4
Zotu950	26	41	7	20	0	27	0	0	8	41	9	10	26	5	31	7
Zotu3057	9	25	19	14	0	14	0	1	0	23	1	1	1	6	12	0
Zotu3035	6	0	2	14	0	23	0	0	1	0	4	0	1	3	4	8
Zotu755	26	4	66	54	18	67	0	18	0	1	3	2	0	14	42	22
Zotu4180	4	7	2	3	0	12	0	1	5	11	4	7	19	1	2	0
Zotu2182	23	0	30	7	0	7	0	0	10	4	2	17	15	7	11	0
Zotu795	32	11	28	26	24	24	0	30	10	19	5	14	13	15	12	30
Zotu719	64	0	56	115	0	113	0	0	0	0	0	0	0	27	37	0
Zotu1465	5	0	5	75	9	103	0	7	0	1	0	1	0	4	43	10
Zotu1716	11	5	18	44	3	47	0	12	4	2	5	1	4	6	20	6
Zotu3350	9	2	5	13	14	10	0	29	4	0	4	8	16	2	12	0
Zotu1065	2	12	1	3	3	2	0	13	11	15	93	23	29	0	1	2
Zotu2929	1	0	3	7	13	6	0	21	0	0	1	1	0	0	5	0
Zotu388	60	41	134	119	6	124	0	12	39	52	105	30	78	31	54	4
Zotu343	42	117	65	58	23	77	0	46	56	120	92	17	102	24	30	101
Zotu3484	3	8	7	7	5	13	0	5	0	7	3	0	2	0	7	0
Zotu1240	11	0	44	61	0	66	0	0	0	0	0	0	0	10	37	0
Zotu445	15	45	37	41	36	31	0	60	65	41	38	55	81	5	49	2
Zotu987	17	8	4	7	1	6	0	0	8	4	3	21	185	2	16	6
Zotu3263	3	1	2	21	0	30	0	0	0	0	0	0	0	2	21	0
Zotu1040	16	7	21	7	1	107	0	8	26	22	8	12	43	3	8	7
Zotu908	30	8	39	12	13	9	0	19	20	14	25	12	21	12	2	0
Zotu1603	17	5	37	7	1	17	0	2	10	7	5	6	10	17	9	1
Zotu2015	8	10	18	14	3	24	0	3	13	7	5	9	16	15	12	1
Zotu591	17	9	37	64	0	71	0	1	19	15	144	12	29	13	63	6
Zotu3327	4	2	6	6	0	6	0	0	1	7	4	0	3	1	2	1
Zotu2142	19	15	33	12	1	15	0	3	23	18	116	13	31	19	5	8
Zotu1710	3	11	2	0	41	0	0	62	8	9	0	2	16	1	0	1
Zotu1394	14	10	10	2	4	16	0	2	3	16	12	3	6	4	2	28
Zotu4220	11	5	12	2	1	6	0	0	6	5	1	3	3	1	4	3
Zotu1592	1	0	0	2	0	5	0	1	0	2	1	0	1	1	4	114
Zotu4388	7	5	9	2	0	2	0	1	1	2	6	1	1	2	1	1
Zotu574	13	25	44	28	6	41	0	11	5	21	19	5	13	18	27	76
Zotu1654	6	3	1	2	2	2	0	2	10	5	1	6	53	1	3	0
Zotu1010	4	4	2	20	28	28	0	37	21	2	6	36	59	2	14	0
Zotu3699	6	1	1	10	0	12	0	0	0	0	0	0	0	2	10	0
Zotu872	24	18	1	0	4	0	0	7	15	11	131	12	24	9	0	5
Zotu1242	35	10	31	13	40	10	0	79	2	13	20	6	9	12	3	14
Zotu4110	15	8	13	6	1	14	0	4	7	7	11	5	21	3	8	0
Zotu699	10	54	75	10	19	9	0	66	17	82	12	10	37	4	2	1
Zotu3847	6	3	1	16	0	11	0	0	1	3	1	3	2	2	11	0
Zotu3493	7	4	11	3	0	2	0	0	1	1	4	0	2	8	1	34
Zotu252	44	222	24	135	79	156	0	95	88	132	91	29	129	20	72	13
Zotu1728	6	8	6	33	11	11	0	12	0	11	1	0	0	2	18	0
Zotu984	17	12	36	79	0	96	0	0	3	22	1	2	7	12	58	8
Zotu2299	2	0	5	1	1	10	0	0	6	1	1	14	24	6	3	10
Zotu508	31	81	40	176	296	255	0	364	49	54	1	26	65	14	137	8
Zotu1417	13	0	29	17	10	25	0	15	0	0	0	1	0	11	35	1
Zotu850	30	31	20	51	41	72	0	53	15	37	22	6	7	6	54	0
Zotu2727	18	5	20	4	1	4	0	1	2	1	2	5	7	8	5	0
Zotu2905	7	0	2	3	0	3	0	0	0	0	1	0	0	3	1	54
Zotu282	24	84	27	36	249	39	0	403	18	104	60	4	23	16	27	98
Zotu2639	10	1	14	19	2	22	0	5	5	3	18	2	19	10	5	1
Zotu829	17	34	24	10	3	14	0	3	14	20	83	4	17	11	6	0
Zotu3171	3	0	3	2	9	2	0	27	0	0	0	0	1	2	1	0
Zotu3625	2	0	1	5	0	4	0	2	1	4	0	0	3	1	1	2
Zotu2258	7	0	0	0	0	0	0	0	7	0	10	20	23	4	0	3
Zotu955	16	8	32	68	0	83	0	0	3	2	10	1	7	12	36	21
Zotu2641	26	7	13	1	0	0	0	0	7	4	6	4	5	8	5	1
Zotu3271	4	4	16	3	0	11	0	1	2	4	6	0	6	3	5	3
Zotu173	31	25	14	0	5	2	0	6	57	46	1503	48	87	4	1	13
Zotu2086	10	1	15	1	19	3	0	37	3	0	0	1	8	1	1	0
Zotu3802	3	23	4	0	0	2	0	0	12	23	18	10	23	1	1	3
Zotu1041	10	13	4	1	0	6	0	1	38	12	27	49	76	7	1	16
Zotu3776	2	8	1	0	5	0	0	2	9	15	6	4	9	0	1	1
Zotu597	35	75	87	68	1	72	0	1	4	57	38	4	11	14	63	0
Zotu36	26	23	116	954	0	1067	0	0	649	42	1	401	1261	15	812	0
Zotu2018	11	9	16	10	3	14	0	6	6	7	13	0	18	4	4	24
Zotu3961	2	1	1	2	0	3	0	0	0	0	1	0	7	3	1	3
Zotu568	51	53	40	28	30	19	0	31	4	42	105	4	10	34	25	2
Zotu834	6	17	5	52	0	83	0	0	26	40	83	21	82	3	40	13
Zotu2642	2	2	1	0	16	0	0	17	5	5	3	4	9	1	0	11
Zotu407	13	77	31	12	27	6	0	38	61	38	121	47	138	20	6	45
Zotu3755	4	0	4	9	0	9	0	5	0	0	0	0	0	1	2	0
Zotu3027	3	2	5	3	3	0	0	1	5	4	6	0	6	1	2	4
Zotu1456	19	8	23	17	5	35	0	6	11	7	25	5	14	16	19	1
Zotu1004	17	19	11	83	8	88	0	26	19	19	67	11	30	8	56	0
Zotu3407	1	6	0	1	3	0	0	7	0	11	4	1	7	0	1	2
Zotu2598	13	5	19	20	6	20	0	8	4	10	4	2	3	10	12	11
Zotu1105	5	34	8	4	1	12	0	10	13	10	20	9	31	5	6	70
Zotu1355	17	5	25	59	3	49	0	10	0	5	2	0	0	12	35	0
Zotu2413	7	12	12	15	2	16	0	0	3	19	6	2	10	4	7	7
Zotu2867	2	11	2	3	3	5	0	2	4	13	5	5	12	0	5	2
Zotu992	5	18	10	26	1	33	0	1	13	9	20	12	38	5	13	10
Zotu2870	3	4	8	8	1	3	0	2	2	5	1	1	1	3	0	6
Zotu2569	19	4	24	2	0	9	0	1	6	4	8	6	11	15	8	0
Zotu3226	15	3	8	6	0	8	0	0	3	6	0	2	5	3	6	0
Zotu1370	23	9	26	30	7	35	0	13	15	3	27	4	20	14	20	8
Zotu1070	21	13	36	20	4	20	0	17	0	6	16	3	3	17	13	5
Zotu2977	7	0	2	11	0	13	0	0	1	0	1	0	0	1	9	0
Zotu251	13	2	5	51	3	54	0	5	0	2	4	0	0	7	29	889
Zotu1692	11	4	33	14	1	8	0	0	2	6	10	0	1	15	6	3
Zotu2032	16	1	7	56	0	55	0	3	0	0	0	0	0	10	25	0
Zotu2171	11	1	22	21	0	21	0	0	10	1	3	14	47	6	16	6
Zotu3100	10	12	1	9	6	9	0	8	6	15	11	3	15	3	4	0
Zotu112	13	32	123	332	0	408	0	0	18	34	1021	7	18	11	125	6
Zotu4081	2	0	2	14	0	10	0	0	0	0	0	0	0	0	9	0
Zotu3601	1	0	0	13	0	14	0	0	0	0	1	0	0	0	5	10
Zotu4185	1	7	1	0	0	2	0	0	1	5	19	0	0	0	0	0
Zotu129	59	23	93	122	29	147	0	81	179	23	120	136	430	45	95	128
Zotu789	36	0	59	68	1	97	0	0	0	0	0	1	2	13	43	13
Zotu1824	11	1	8	26	8	22	0	10	0	4	1	0	1	7	22	2
Zotu3191	2	1	0	9	2	8	0	4	1	1	2	0	0	2	11	0
Zotu3654	3	5	8	3	1	0	0	3	4	7	12	1	7	9	0	3
Zotu525	13	0	8	132	37	191	0	90	0	0	0	0	0	10	72	0
Zotu1879	14	6	24	13	3	21	0	3	5	9	6	1	7	5	0	2
Zotu1767	8	2	11	30	0	24	0	0	4	2	1	1	9	3	19	5
Zotu491	20	51	35	19	7	32	0	30	104	37	55	57	183	17	12	19
Zotu2542	1	26	5	0	0	0	0	0	5	22	5	5	9	1	0	0
Zotu1164	19	2	37	47	18	62	0	16	0	1	0	0	0	11	46	0
Zotu1802	13	11	2	16	2	19	0	4	0	3	2	2	0	7	4	5
Zotu468	6	1	33	159	0	185	0	0	0	2	0	0	0	4	120	0
Zotu2967	2	0	2	3	0	8	0	0	2	0	3	6	11	2	1	8
Zotu301	32	142	76	93	130	97	0	240	2	217	6	2	7	28	75	5
Zotu2274	9	22	2	0	0	1	0	0	1	30	0	0	0	10	1	0
Zotu3115	8	8	4	0	0	3	0	2	0	5	1	1	1	1	2	0
Zotu547	18	29	30	4	0	6	0	1	40	40	165	37	79	15	2	30
Zotu1685	7	0	36	58	0	94	0	2	0	3	0	0	0	7	35	2
Zotu73	52	465	86	614	7	739	0	16	41	552	137	31	87	44	449	19
Zotu3482	2	5	11	4	1	4	0	0	13	3	18	5	37	19	14	0
Zotu4287	23	14	14	26	6	42	0	17	14	3	22	2	23	15	22	5
Zotu3238	7	5	12	3	1	11	0	5	2	6	5	0	4	5	2	1
Zotu866	24	7	26	29	4	34	0	10	3	17	12	1	7	11	26	86
Zotu3224	6	1	0	20	0	26	0	0	3	0	0	1	1	1	14	0
Zotu2362	2	11	51	2	0	1	0	1	0	26	38	0	4	66	3	0
Zotu3022	1	9	1	6	4	3	0	2	8	8	6	1	14	1	2	29
Zotu2705	3	16	2	0	0	0	0	0	0	6	49	0	0	2	1	1
Zotu4360	4	0	0	4	0	5	0	0	0	0	0	0	0	0	4	1
Zotu1915	11	14	15	20	3	14	0	4	11	18	13	5	19	7	14	0
Zotu4288	19	3	14	4	2	1	0	0	1	2	5	5	14	7	2	2
Zotu325	46	82	97	52	18	79	0	24	21	53	62	11	29	35	46	438
Zotu2866	5	10	0	5	0	5	0	0	1	11	16	2	2	2	8	0
Zotu2066	5	3	2	15	2	25	0	3	6	3	29	6	12	4	22	8
Zotu3704	6	3	4	1	2	0	0	3	3	3	2	0	4	2	0	2
Zotu603	16	10	32	21	13	7	0	21	28	11	61	34	71	10	11	1
Zotu1067	44	2	32	31	14	53	0	18	3	3	139	13	14	19	25	9
Zotu964	24	54	9	18	5	16	0	8	33	32	15	5	28	1	5	4
Zotu4316	2	2	12	8	3	13	0	3	6	6	12	1	9	2	3	0
Zotu1019	34	19	29	52	0	70	0	0	1	19	3	0	1	17	29	19
Zotu2149	20	6	25	31	0	19	0	0	2	5	19	3	5	18	14	7
Zotu3411	12	10	11	0	0	0	0	0	8	5	39	4	16	6	0	3
Zotu3172	7	8	10	4	16	13	0	22	0	5	14	0	3	5	7	0
Zotu3494	21	0	7	8	2	8	0	3	2	0	0	1	3	6	12	0
Zotu1921	12	0	19	0	6	1	0	3	8	2	7	5	8	4	0	9
Zotu4396	1	2	1	13	0	9	0	0	3	6	6	0	2	1	8	0
Zotu631	3	122	1	21	23	27	0	53	2	121	111	0	3	1	13	11
Zotu2965	6	0	9	14	0	36	0	0	2	1	10	2	0	9	13	0
Zotu991	26	2	11	16	12	18	0	19	15	4	4	6	116	16	9	2
Zotu1210	16	12	40	33	2	59	0	8	8	26	14	4	11	17	20	8
Zotu1565	4	6	0	0	0	10	0	0	4	26	21	7	24	0	0	35
Zotu2253	17	5	19	7	14	7	0	45	2	2	0	0	0	12	4	1
Zotu3662	8	6	1	7	1	10	0	1	2	26	14	0	21	5	10	1
Zotu3222	1	0	4	2	0	2	0	0	0	0	0	0	1	4	0	63
Zotu1225	7	5	9	11	9	30	0	17	14	6	44	11	20	3	13	5
Zotu647	31	16	40	7	34	8	0	33	19	13	65	20	46	19	9	8
Zotu3143	9	6	14	3	2	6	0	3	2	1	5	0	3	6	1	28
Zotu3132	5	3	5	4	0	4	0	2	2	0	6	0	8	2	2	2
Zotu2240	9	3	9	5	1	10	0	2	11	1	1	4	9	5	2	5
Zotu375	36	70	92	125	10	146	0	18	18	49	27	15	45	21	73	20
Zotu1791	6	9	12	9	3	11	0	0	4	4	6	0	2	6	4	53
Zotu814	22	2	32	52	13	58	0	35	30	12	3	23	47	14	51	1
Zotu2076	1	0	1	1	23	1	0	32	0	1	1	0	1	2	2	1
Zotu891	11	1	8	12	52	12	0	44	22	0	48	6	36	9	8	3
Zotu2370	26	0	18	20	0	29	0	0	0	0	1	0	0	14	13	1
Zotu397	29	31	35	46	0	91	0	1	86	45	88	52	117	8	36	36
Zotu4257	10	0	19	1	0	0	0	0	1	0	4	1	3	13	0	12
Zotu1476	9	8	15	16	20	7	0	27	1	11	3	1	4	5	4	2
Zotu1987	17	59	15	11	4	10	0	14	23	52	71	30	60	5	14	7
Zotu1920	3	22	6	21	15	17	0	36	0	13	0	0	1	0	23	2
Zotu2289	4	5	7	0	0	0	0	0	17	8	0	11	42	0	0	0
Zotu2313	20	0	13	5	3	2	0	5	0	0	0	0	0	11	8	0
Zotu1125	9	48	3	3	0	1	0	0	30	15	0	16	44	3	4	1
Zotu3184	7	0	4	2	1	8	0	0	1	4	7	1	7	2	2	2
Zotu1492	3	10	22	1	1	4	0	1	4	9	3	1	7	6	5	12
Zotu1990	12	12	4	3	0	1	0	0	6	13	8	8	9	5	7	9
Zotu2335	21	0	13	8	1	9	0	3	1	1	7	0	3	5	8	0
Zotu2984	3	0	17	13	9	13	0	13	0	0	1	0	0	10	5	1
Zotu4382	1	2	1	0	1	3	0	1	0	1	1	0	2	0	2	1
Zotu1266	3	0	5	0	0	2	0	0	0	0	1	0	0	0	2	136
Zotu2278	19	7	24	13	2	13	0	1	4	4	11	1	5	10	8	42
Zotu1926	6	1	6	24	0	24	0	0	7	1	0	10	22	5	7	0
Zotu3978	2	6	0	1	3	1	0	5	2	4	4	5	14	1	2	1
Zotu3386	10	0	19	2	10	7	0	23	0	7	1	1	0	6	0	3
Zotu333	11	29	83	238	2	253	0	4	30	16	15	18	53	15	97	15
Zotu606	20	38	74	34	16	42	0	17	17	68	29	7	37	17	21	41
Zotu1756	8	7	13	24	5	19	0	6	6	3	1	10	17	3	15	1
Zotu775	9	52	3	3	4	4	0	14	57	55	30	42	92	5	9	27
Zotu848	18	13	25	27	39	40	0	77	1	14	1	3	7	12	17	2
Zotu648	36	26	93	53	0	100	0	6	10	26	26	3	22	17	29	16
Zotu1553	4	11	14	2	2	4	0	7	6	13	15	1	16	1	0	16
Zotu1301	20	18	19	9	5	11	0	14	6	23	79	17	5	11	23	0
Zotu2283	3	0	4	6	1	17	0	3	1	0	0	0	2	2	5	0
Zotu943	24	18	43	41	3	64	0	10	23	20	16	12	33	30	17	7
Zotu359	10	0	14	11	0	19	0	2	0	0	7	0	0	9	8	784
Zotu3269	1	2	6	2	0	6	0	0	5	1	2	2	10	2	0	12
Zotu1626	3	6	2	36	0	43	0	0	0	5	1	0	0	0	31	0
Zotu1928	7	2	0	3	0	13	0	0	5	3	12	4	49	4	1	0
Zotu570	5	0	24	2	12	1	0	25	87	4	224	71	51	4	0	13
Zotu3831	4	3	4	4	1	2	0	2	3	2	8	0	3	3	6	2
Zotu1217	24	44	22	29	12	30	0	4	0	23	18	0	0	13	19	7
Zotu3430	20	1	5	14	2	15	0	1	4	1	0	1	3	5	9	2
Zotu1249	8	2	49	34	0	46	0	0	0	0	0	0	1	5	22	2
Zotu1515	19	1	27	12	0	16	0	1	9	1	0	3	29	4	6	0
Zotu2607	5	13	5	23	0	34	0	1	0	12	6	0	0	0	34	0
Zotu1775	5	39	7	5	4	6	0	2	0	5	51	1	2	0	1	0
Zotu2770	10	7	7	21	0	14	0	0	6	11	1	17	51	2	25	0
Zotu2953	20	0	13	0	0	0	0	0	0	0	0	0	0	4	0	0
Zotu2254	3	7	17	9	1	8	0	0	17	8	4	8	31	3	4	12
Zotu2543	17	3	11	3	2	18	0	6	4	6	1	0	8	6	7	2
Zotu1307	4	0	20	59	1	64	0	5	1	2	0	1	1	2	40	0
Zotu2924	3	2	5	5	0	1	0	0	0	2	3	1	2	1	0	20
Zotu3524	8	0	5	1	0	5	0	0	3	0	0	3	13	4	2	1
Zotu4070	5	5	21	5	7	4	0	13	0	7	0	2	6	3	3	1
Zotu3777	3	3	1	2	3	2	0	0	8	8	15	1	4	2	3	9
Zotu3896	14	10	2	4	2	2	0	0	3	14	8	13	0	2	3	0
Zotu1039	20	46	21	5	16	13	0	14	18	37	18	14	29	18	5	11
Zotu763	20	4	26	66	0	80	0	0	28	2	82	13	50	17	43	37
Zotu476	18	38	22	12	13	29	0	17	30	26	142	37	31	14	17	2
Zotu4310	1	2	0	1	0	4	0	0	5	4	1	7	1	1	3	1
Zotu2518	5	7	5	8	0	12	0	0	1	7	10	0	1	3	17	2
Zotu510	13	16	37	12	4	9	0	19	27	19	13	49	162	15	28	59
Zotu914	47	5	33	1	0	0	0	0	15	5	52	15	24	27	0	0
Zotu2627	4	6	3	3	4	5	0	1	2	2	1	3	4	0	12	0
Zotu537	8	14	23	19	54	5	0	68	34	6	43	26	126	4	10	0
Zotu1747	11	15	3	4	3	1	0	2	7	11	19	3	5	2	2	0
Zotu3141	10	25	10	11	1	20	0	3	20	27	16	8	17	12	11	3
Zotu1848	10	9	6	6	2	13	0	7	10	5	13	3	12	7	6	10
Zotu3576	7	3	7	4	0	9	0	5	1	2	2	4	4	1	3	2
Zotu1431	14	6	19	1	0	1	0	0	13	6	41	11	1	9	2	0
Zotu907	4	4	4	61	6	93	0	5	23	9	18	25	22	2	107	1
Zotu3983	2	4	13	2	4	3	0	3	3	5	3	2	9	1	2	2
Zotu559	22	59	77	49	4	45	0	13	15	39	134	6	15	25	24	17
Zotu2430	12	15	8	9	11	21	0	7	17	9	15	3	28	8	6	5
Zotu2059	10	3	9	7	2	11	0	3	6	11	12	2	0	5	6	0
Zotu846	20	4	65	47	82	54	0	105	1	6	0	2	6	9	34	1
Zotu4140	3	0	4	7	0	7	0	0	1	0	1	0	0	0	5	0
Zotu709	17	18	34	68	8	69	0	16	2	21	11	2	17	9	34	30
Zotu2488	18	3	14	9	1	24	0	9	12	9	14	5	17	11	5	2
Zotu849	16	1	7	24	2	43	0	5	18	0	14	17	41	1	26	20
Zotu155	7	0	10	66	2	70	0	1	0	0	5	0	1	8	27	1331
Zotu477	20	159	5	5	1	3	0	5	78	106	3	50	125	3	4	0
Zotu489	6	0	3	19	0	36	0	1	0	0	2	0	0	6	11	574
Zotu67	6	3	4	41	1	46	0	0	0	2	8	0	2	10	10	3305
Zotu2540	1	0	1	0	0	0	0	0	0	0	0	0	0	0	0	93
Zotu1752	19	11	20	12	5	35	0	10	21	7	16	6	24	12	10	4
Zotu3664	1	0	6	0	0	2	0	0	0	1	1	0	0	3	1	2
Zotu790	13	0	47	16	99	18	0	98	0	1	0	0	1	9	23	1
Zotu1423	24	8	50	15	4	21	0	12	7	8	9	1	4	15	21	22
Zotu768	16	20	29	3	13	4	0	37	13	7	107	16	50	11	1	48
Zotu3457	3	0	2	1	0	1	0	2	2	1	0	3	28	2	0	0
Zotu1944	6	9	25	20	2	21	0	1	3	11	7	0	7	10	9	4
Zotu4337	3	3	13	10	3	10	0	10	0	2	2	0	3	5	6	0
Zotu593	38	27	58	86	60	109	0	86	8	55	135	8	16	13	41	2
Zotu4118	7	12	0	12	0	16	0	0	0	10	23	4	1	2	17	0
Zotu3870	4	4	1	1	0	0	0	0	1	2	16	2	2	3	4	1
Zotu3774	1	0	7	1	3	2	0	1	3	0	0	0	4	0	0	0
Zotu3594	6	11	7	1	1	3	0	4	6	4	2	7	11	2	1	1
Zotu3817	1	1	0	0	7	0	0	6	0	0	5	0	1	2	0	0
Zotu4290	29	9	7	34	5	24	0	10	2	9	5	1	7	10	36	2
Zotu1175	11	9	5	27	1	23	0	9	18	25	59	14	45	8	10	1
Zotu3522	2	0	0	0	0	0	0	0	9	1	11	6	9	0	0	5
Zotu2141	8	10	8	2	4	3	0	2	2	13	1	1	14	9	1	13
Zotu2594	25	3	35	14	57	12	0	36	0	2	0	1	1	5	28	0
Zotu3062	9	2	1	7	0	2	0	0	7	5	0	1	0	3	5	0
Zotu3059	4	4	5	1	0	1	0	0	3	2	0	3	11	2	1	0
Zotu856	4	19	15	17	72	21	0	85	0	12	0	1	0	0	8	0
Zotu137	44	19	215	443	0	511	0	3	103	15	47	53	214	21	200	6
Zotu1279	29	16	23	20	3	18	0	2	3	15	33	7	15	21	14	2
Zotu4351	9	0	10	10	2	10	0	3	22	8	7	7	31	6	4	4
Zotu1801	18	4	13	14	2	5	0	1	17	4	0	11	59	11	7	2
Zotu3635	4	28	9	0	0	0	0	0	0	19	0	0	0	2	0	0
Zotu1687	14	15	7	4	3	4	0	11	4	10	16	10	14	11	10	0
Zotu215	6	86	6	6	6	3	0	12	111	100	1150	84	194	2	0	81
Zotu1527	21	4	32	27	7	28	0	5	0	2	4	0	1	14	21	1
Zotu457	18	46	27	146	38	159	0	48	28	62	101	13	38	17	83	72
Zotu1450	9	16	16	6	2	14	0	11	32	11	4	8	34	8	2	14
Zotu1036	5	23	9	30	5	3	0	1	64	25	8	51	72	4	7	2
Zotu1499	16	5	9	10	11	13	0	31	8	4	4	6	3	3	6	0
Zotu2251	3	0	3	8	0	9	0	0	0	0	5	0	0	2	3	104
Zotu4001	2	2	0	8	0	11	0	0	0	1	3	0	2	1	2	1
Zotu1151	13	1	9	61	11	49	0	22	0	0	8	0	1	6	56	1
Zotu1994	5	10	6	3	0	6	0	0	9	7	32	5	16	10	6	25
Zotu1098	4	18	24	5	3	6	0	14	23	23	48	35	56	7	4	25
Zotu1446	11	7	10	15	4	26	0	3	13	11	5	19	58	7	8	4
Zotu1725	8	5	22	18	3	16	0	2	2	4	0	1	1	6	17	37
Zotu1282	3	2	17	32	0	30	0	0	5	2	5	3	8	1	18	0
Zotu4432	3	5	11	13	2	20	0	4	1	2	3	2	1	6	11	2
Zotu894	12	10	1	1	0	0	0	0	36	5	0	19	69	5	0	16
Zotu1965	22	4	21	6	1	16	0	5	8	9	5	2	19	10	7	5
Zotu395	33	19	47	40	6	43	0	5	128	15	85	91	232	25	24	15
Zotu1510	21	28	4	17	2	16	0	20	1	39	0	2	3	3	12	13
Zotu2597	9	7	14	5	1	24	0	7	13	7	21	0	18	7	11	8
Zotu4148	2	0	0	0	0	0	0	0	1	0	22	3	14	0	0	0
Zotu2950	12	0	13	4	2	0	0	1	0	1	0	0	0	7	7	0
Zotu2634	8	0	12	0	0	0	0	0	4	1	2	2	13	4	0	0
Zotu2089	6	13	17	19	0	13	0	0	5	8	3	1	10	13	7	5
Zotu1759	9	0	48	2	0	0	0	0	3	1	25	2	5	12	0	9
Zotu2281	15	0	11	11	0	23	0	0	10	0	10	8	23	9	13	0
Zotu1991	5	0	20	8	7	12	0	13	0	0	6	0	0	4	8	0
Zotu1494	17	23	5	16	12	7	0	4	3	23	5	2	8	2	13	0
Zotu3604	10	8	8	3	4	2	0	3	1	4	5	0	0	7	4	0
Zotu2758	6	3	16	1	24	2	0	29	0	4	0	0	1	4	3	9
Zotu2302	8	3	10	9	13	8	0	46	9	3	7	3	11	4	6	6
Zotu776	18	0	25	37	3	47	0	13	30	1	36	19	75	5	34	9
Zotu3568	5	2	9	6	1	5	0	3	2	1	10	3	2	1	2	3
Zotu2176	4	0	6	9	3	20	0	7	4	0	0	4	6	4	9	29
Zotu3501	8	2	3	4	4	7	0	6	0	0	0	2	2	7	5	0
Zotu2438	24	2	7	12	3	10	0	0	0	3	2	0	3	7	19	2
Zotu3828	2	1	2	0	1	2	0	2	1	5	2	0	7	3	1	3
Zotu4462	2	0	1	0	0	3	0	0	1	1	29	7	7	0	2	8
Zotu3715	16	0	3	0	0	0	0	0	7	3	1	18	19	1	3	0
Zotu1050	20	13	12	13	6	15	0	14	24	6	17	29	60	3	15	0
Zotu2783	12	7	13	4	6	12	0	16	8	14	16	5	18	8	3	20
Zotu3876	3	2	1	1	0	1	0	0	2	1	3	10	15	0	1	3
Zotu9	2	216	5	2	271	4	0	763	80	234	14636	39	152	1	2	5
Zotu3589	1	2	0	0	15	0	0	17	2	3	0	1	2	0	0	0
Zotu385	23	80	8	78	244	112	0	314	99	50	0	54	163	9	60	1
Zotu1533	9	13	6	10	3	11	0	2	5	11	2	1	5	2	3	31
Zotu1306	9	4	15	20	6	42	0	16	3	10	46	1	11	3	16	9
Zotu3369	4	10	1	4	9	2	0	5	5	10	5	4	6	6	0	1
Zotu1712	5	17	6	0	0	6	0	1	13	11	25	14	24	3	1	21
Zotu1714	15	12	29	10	7	10	0	10	5	17	21	4	20	10	12	29
Zotu1558	6	9	8	12	8	13	0	10	23	20	5	25	49	2	12	2
Zotu989	1	2	1	1	0	0	0	2	86	3	0	39	104	0	0	3
Zotu1513	22	0	50	14	0	9	0	0	1	0	30	2	8	17	6	6
Zotu2552	8	2	1	25	0	16	0	0	0	3	0	0	0	2	14	0
Zotu2849	12	2	5	4	21	14	0	36	3	3	5	2	1	7	3	0
Zotu2834	5	1	9	12	14	15	0	17	1	2	3	1	8	2	8	0
Zotu1757	14	15	14	17	3	9	0	7	1	7	0	1	3	6	8	1
Zotu3135	17	6	20	3	4	8	0	4	3	3	1	1	3	5	6	11
Zotu2221	8	0	26	36	0	34	0	1	0	0	2	0	4	7	33	5
Zotu1189	6	29	21	34	8	36	0	26	5	58	12	3	10	4	14	17
Zotu2876	6	9	9	4	3	7	0	2	4	8	7	0	8	5	2	1
Zotu2835	3	2	4	5	0	5	0	0	13	1	0	10	19	2	3	0
Zotu1893	9	0	6	12	0	18	0	0	47	0	0	45	55	1	25	1
Zotu794	33	27	8	57	15	64	0	19	1	42	37	1	3	3	46	2
Zotu2944	9	2	6	6	1	10	0	9	3	4	7	1	4	3	4	0
Zotu2270	4	3	5	12	0	52	0	8	5	1	10	2	6	4	7	4
Zotu242	5	132	6	54	76	67	0	146	289	108	0	222	629	3	43	0
Zotu459	16	22	12	81	1	78	0	1	64	14	20	72	164	5	50	2
Zotu1718	23	7	11	0	28	0	0	27	6	1	2	0	2	12	0	26
Zotu1169	16	9	11	37	5	34	0	18	0	6	0	0	0	14	30	27
Zotu2314	8	22	0	0	0	0	0	0	0	28	1	0	0	6	0	0
Zotu2403	6	4	20	5	1	5	0	0	6	14	7	4	5	4	5	6
Zotu2247	9	6	4	4	0	2	0	0	16	6	13	9	38	3	6	0
Zotu653	11	3	33	46	4	37	0	18	47	2	15	41	103	14	24	40
Zotu1967	5	9	21	4	0	19	0	0	4	4	6	0	4	4	8	4
Zotu4329	4	6	0	2	0	5	0	0	1	2	5	0	0	2	0	0
Zotu4373	11	0	18	0	14	0	0	32	7	0	0	3	14	1	0	0
Zotu1906	7	25	4	6	0	2	0	0	30	13	0	14	72	16	1	0
Zotu832	17	31	19	16	13	29	0	39	57	20	2	22	78	12	9	24
Zotu757	8	21	10	12	92	17	0	122	9	19	70	6	40	5	11	11
Zotu3611	3	0	2	4	0	6	0	2	1	1	3	3	4	0	0	2
Zotu1598	1	0	0	4	1	5	0	0	0	0	0	0	0	1	3	199
Zotu3796	4	0	1	0	1	1	0	3	1	1	23	0	2	4	1	0
Zotu1454	9	3	19	18	3	17	0	9	2	3	29	12	9	3	13	21
Zotu362	34	95	103	235	88	240	0	135	2	110	5	1	4	26	157	3
Zotu1938	2	0	5	0	2	1	0	0	14	5	65	4	22	0	0	0
Zotu337	10	17	17	326	1	421	0	0	1	22	6	1	2	8	240	3
Zotu3393	4	10	6	6	18	11	0	12	1	11	2	3	3	1	6	0
Zotu3241	3	0	6	6	0	12	0	0	1	1	2	1	0	1	9	1
Zotu2150	5	2	11	8	7	6	0	11	0	1	23	3	0	0	12	1
Zotu815	14	39	17	27	6	14	0	11	64	63	68	35	39	17	15	128
Zotu1490	19	37	46	41	1	37	0	0	5	32	8	2	4	8	28	3
Zotu1479	12	19	18	24	9	28	0	6	1	20	32	0	3	7	9	17
Zotu1158	3	36	7	2	5	4	0	15	7	42	40	6	13	5	6	41
Zotu3299	2	2	2	10	2	10	0	3	3	0	1	0	0	0	1	2
Zotu1508	3	10	6	7	13	9	0	24	4	16	7	2	0	1	6	18
Zotu825	29	46	15	66	2	55	0	7	3	40	43	5	10	10	55	51
Zotu3185	5	7	6	3	0	5	0	0	5	7	0	5	9	3	6	0
Zotu1916	8	4	1	2	4	11	0	4	31	3	38	23	26	1	8	0
Zotu4471	1	1	0	15	1	18	0	0	0	0	0	0	0	0	24	0
Zotu1659	3	12	50	1	1	3	0	0	1	16	26	0	5	65	4	0
Zotu1346	3	7	39	12	0	0	0	0	5	7	24	66	1	14	14	8
Zotu1749	13	17	22	1	1	1	0	0	8	17	25	9	14	8	0	20
Zotu3169	2	1	4	0	0	1	0	2	3	2	12	2	10	1	0	0
Zotu266	32	23	23	123	0	112	0	0	72	20	290	38	104	20	123	0
Zotu1536	6	32	6	5	3	6	0	11	6	36	5	3	12	4	1	28
Zotu293	3	62	43	0	0	5	0	8	0	135	695	0	0	51	15	1
Zotu2381	2	5	0	2	0	0	0	0	20	8	0	15	34	2	0	2
Zotu338	9	8	8	35	0	20	0	1	0	2	3	0	0	20	20	989
Zotu2366	1	0	9	5	0	6	0	0	0	0	11	0	0	7	3	0
Zotu1629	5	0	8	5	26	1	0	25	0	0	0	0	1	3	2	0
Zotu2704	3	23	5	0	2	2	0	4	6	20	6	4	9	1	1	1
Zotu594	11	40	6	34	0	39	0	7	34	24	56	26	33	5	62	20
Zotu2618	5	0	7	13	0	13	0	0	2	0	0	1	1	6	17	5
Zotu4369	1	5	6	0	0	0	0	3	0	10	6	2	3	4	3	0
Zotu2387	7	14	9	2	0	4	0	0	11	20	21	5	14	3	6	0
Zotu2608	10	2	2	15	3	17	0	2	1	0	1	3	4	4	27	35
Zotu1038	15	4	24	34	4	35	0	0	10	12	68	7	5	10	15	7
Zotu2009	6	4	4	32	0	37	0	0	0	4	0	0	0	5	38	5
Zotu2611	14	0	9	11	3	11	0	2	0	0	0	0	0	9	12	0
Zotu1577	9	16	10	6	0	21	0	0	5	16	42	4	6	1	19	3
Zotu2655	8	0	2	7	0	11	0	0	2	2	19	0	2	2	8	1
Zotu3262	6	1	3	9	3	12	0	8	1	6	3	0	6	3	6	2
Zotu2791	3	0	0	13	0	12	0	0	0	1	0	0	0	1	4	63
Zotu2155	5	4	5	9	0	8	0	2	3	6	1	7	17	2	14	0
Zotu629	2	19	17	121	2	140	0	0	23	19	9	6	39	4	84	1
Zotu4266	4	0	3	0	0	1	0	0	0	0	3	0	0	5	0	0
Zotu2623	8	3	4	7	0	14	0	1	0	3	8	1	5	8	3	2
Zotu2083	11	6	5	3	2	9	0	3	9	7	15	2	14	5	8	2
Zotu759	3	161	3	3	0	2	0	0	49	146	4	34	113	0	1	1
Zotu3503	4	6	1	0	2	0	0	3	11	3	5	12	0	1	0	1
Zotu4291	4	3	8	9	6	10	0	22	0	4	2	0	0	1	10	1
Zotu2069	11	8	20	6	1	13	0	3	4	3	5	6	15	8	7	1
Zotu3065	4	0	4	26	5	21	0	10	0	0	0	0	6	0	13	0
Zotu2035	3	13	7	23	8	17	0	13	2	4	0	3	3	3	12	0
Zotu3844	3	12	3	0	3	0	0	2	1	6	9	1	5	10	1	1
Zotu2659	1	0	1	0	6	0	0	5	6	1	41	4	5	0	0	11
Zotu1334	7	27	12	0	2	3	0	1	17	28	8	10	23	4	3	1
Zotu1378	4	0	11	26	11	56	0	5	2	0	1	6	2	0	30	0
Zotu1466	11	1	6	20	5	29	0	9	6	1	6	1	5	3	18	2
Zotu2551	2	7	1	0	1	2	0	4	3	6	5	3	7	2	0	3
Zotu3468	9	0	7	30	0	34	0	0	3	0	0	7	8	3	27	0
Zotu2508	6	0	0	2	11	1	0	13	14	0	11	9	19	0	2	14
Zotu1411	11	7	31	16	1	25	0	2	6	6	70	3	10	15	7	12
Zotu1504	5	6	8	19	1	18	0	4	1	3	7	1	1	2	9	3
Zotu1382	11	12	14	9	4	16	0	0	3	7	9	3	1	4	11	29
Zotu3762	2	0	2	8	0	4	0	0	0	0	0	0	0	3	10	0
Zotu3052	15	4	23	23	2	28	0	0	5	4	5	1	7	5	14	8
Zotu1556	2	0	0	0	0	1	0	0	0	0	1	0	0	0	1	177
Zotu673	9	97	21	50	0	43	0	2	19	74	101	22	6	2	57	0
Zotu1583	11	11	12	21	4	13	0	1	24	10	13	7	45	12	11	25
Zotu3567	11	4	15	7	2	19	0	3	4	7	11	1	6	7	1	4
Zotu4230	4	4	0	1	7	3	0	1	4	10	26	1	4	1	1	4
Zotu1104	15	11	11	24	8	53	0	16	122	9	11	8	56	12	11	12
Zotu3783	4	3	11	13	1	9	0	3	3	7	1	1	6	3	6	8
Zotu1720	4	0	1	12	0	17	0	0	0	0	0	0	0	1	8	175
Zotu3640	9	2	8	15	0	16	0	0	0	0	5	0	0	15	14	2
Zotu1822	1	4	8	36	0	38	0	0	0	0	0	2	0	0	36	0
Zotu2993	12	7	23	12	0	25	0	3	5	31	7	0	5	6	7	6
Zotu2654	6	2	11	8	0	2	0	3	3	4	17	11	34	5	9	0
Zotu1292	21	9	30	24	6	43	0	5	12	12	24	7	18	22	17	2
Zotu2895	4	3	11	2	0	9	0	0	8	3	0	2	10	6	4	10
Zotu614	17	29	41	32	10	37	0	10	6	16	25	6	18	12	25	94
Zotu714	19	8	49	27	0	36	0	0	49	5	5	36	93	17	28	1
Zotu1524	10	5	3	1	35	3	0	21	10	5	4	2	14	7	1	25
Zotu679	6	0	30	136	22	181	0	36	1	0	0	1	0	1	79	0
Zotu148	6	0	6	73	0	84	0	0	1	0	0	0	0	3	39	1702
Zotu205	7	246	30	169	103	236	0	179	62	299	16	32	90	4	74	6
Zotu1532	4	5	6	15	1	17	0	0	21	14	12	26	68	0	13	4
Zotu1230	14	25	12	1	0	0	0	0	21	19	13	18	30	8	0	0
Zotu2938	7	4	7	3	8	2	0	18	2	1	11	1	5	9	1	4
Zotu3021	18	1	2	0	0	0	0	0	0	1	31	0	0	3	0	0
Zotu1803	9	0	41	13	0	14	0	0	0	0	0	0	0	2	8	0
Zotu1689	5	4	4	58	0	64	0	0	0	6	1	2	1	0	73	0
Zotu3040	4	3	3	4	1	7	0	1	1	2	0	0	3	5	2	2
Zotu195	10	32	12	398	76	367	0	105	28	29	15	29	70	6	326	0
Zotu1110	18	15	11	15	64	25	0	64	3	7	17	2	4	7	14	0
Zotu3894	3	0	8	9	0	0	0	0	4	1	0	2	6	0	6	2
Zotu4277	4	4	2	0	11	3	0	14	7	5	23	18	4	2	0	4
Zotu1202	2	1	3	4	0	7	0	0	0	0	1	0	1	2	2	179
Zotu4437	5	2	2	4	0	13	0	2	6	0	7	2	7	3	7	1
Zotu1911	9	0	1	26	0	28	0	0	2	0	0	1	0	3	19	0
Zotu694	13	41	8	19	1	21	0	0	37	35	84	14	45	11	14	0
Zotu1895	4	2	7	37	0	33	0	0	1	4	5	4	0	3	26	0
Zotu4383	1	0	0	10	0	10	0	0	0	0	0	0	0	1	3	0
Zotu1027	16	34	9	9	91	14	0	193	9	60	27	7	15	14	5	30
Zotu645	15	46	33	40	7	44	0	6	21	44	78	18	47	16	23	9
Zotu4029	7	0	7	5	1	5	0	0	5	0	3	0	3	1	2	3
Zotu3739	5	3	18	2	2	15	0	0	4	3	12	1	3	3	2	1
Zotu3603	1	0	0	0	0	1	0	0	1	0	44	0	1	0	0	0
Zotu1415	14	0	80	27	0	23	0	0	0	0	0	2	0	8	14	0
Zotu3681	5	0	3	5	0	5	0	5	1	0	2	2	5	3	6	0
Zotu1358	4	79	23	16	1	30	0	3	7	51	4	6	1	2	21	0
Zotu1028	43	25	14	19	3	20	0	5	7	27	9	10	49	17	44	1
Zotu3909	1	0	2	2	0	1	0	0	0	0	0	0	0	0	1	49
Zotu2127	13	0	26	0	1	0	0	0	5	2	5	3	7	8	0	0
Zotu3483	2	2	1	0	0	0	0	0	9	3	6	3	13	0	0	0
Zotu4368	5	8	0	0	0	1	0	5	2	6	1	1	6	0	0	3
Zotu3309	12	0	2	14	0	72	0	12	3	6	4	0	7	4	11	5
Zotu2558	18	0	14	4	1	10	0	8	8	0	5	16	41	4	5	0
Zotu2482	11	1	15	6	1	23	0	2	15	3	7	2	22	4	9	4
Zotu2576	7	6	8	1	0	1	0	0	6	11	139	3	14	5	0	3
Zotu2772	4	5	4	7	2	5	0	2	10	7	0	3	6	0	2	13
Zotu4309	5	1	5	0	1	0	0	0	0	3	0	0	0	3	0	0
Zotu3239	2	0	4	19	0	36	0	0	0	2	0	0	0	0	5	0
Zotu372	13	16	33	120	69	110	0	146	16	13	78	12	24	16	97	47
Zotu2429	5	2	3	7	0	2	0	10	1	0	8	3	4	2	2	7
Zotu296	2	0	0	0	0	1	0	0	0	0	0	0	0	0	0	888
Zotu3279	4	0	5	2	3	2	0	3	0	0	0	2	2	1	1	0
Zotu727	6	0	17	17	128	13	0	126	0	1	3	1	0	5	23	24
Zotu706	9	117	8	4	172	3	0	215	8	77	0	3	16	6	3	1
Zotu1095	12	33	20	16	8	30	1	4	19	29	1	13	29	6	22	15
Zotu1776	9	7	6	5	1	17	0	24	6	21	67	4	15	6	8	22
Zotu3145	12	3	15	8	1	19	0	2	0	6	0	0	3	6	5	0
Zotu1361	3	2	2	19	0	14	0	0	17	3	12	21	61	0	8	1
Zotu745	8	20	25	4	6	10	0	18	105	27	43	22	144	11	2	21
Zotu3516	1	2	2	0	0	0	0	0	2	0	7	7	10	1	0	1
Zotu3780	3	4	7	4	1	6	0	1	2	1	8	1	7	2	5	2
Zotu1330	7	4	10	15	2	24	0	3	0	7	8	1	5	9	13	0
Zotu2753	2	5	1	1	6	2	0	10	8	5	8	4	17	3	1	9
Zotu2976	7	0	2	0	0	0	0	0	6	0	0	14	15	2	0	0
Zotu1588	15	8	19	37	0	33	0	0	0	10	13	0	0	19	17	3
Zotu552	8	15	22	8	4	6	0	9	71	6	49	61	153	8	5	73
Zotu974	14	14	19	0	5	2	0	5	17	10	34	40	40	7	2	0
Zotu700	22	43	24	51	16	58	0	34	2	42	168	1	7	21	23	6
Zotu807	20	10	27	29	2	26	0	4	47	13	8	23	69	7	11	12
Zotu820	19	48	31	30	3	37	0	2	5	57	24	8	8	9	32	117
Zotu2215	6	6	10	13	2	16	0	3	6	7	9	0	3	5	7	4
Zotu919	9	3	17	14	7	12	0	11	32	0	41	20	76	6	13	0
Zotu2102	2	2	58	0	0	5	0	2	1	11	18	0	0	44	2	1
Zotu1523	14	16	27	19	0	19	0	0	3	20	25	1	8	16	10	22
Zotu1136	31	1	14	4	15	13	0	15	15	0	1	15	37	15	8	0
Zotu1984	11	2	13	4	6	5	0	11	0	2	11	0	5	6	5	12
Zotu1713	18	2	39	13	11	11	0	11	5	1	23	0	9	6	7	2
Zotu1520	3	4	4	9	2	12	0	3	25	13	33	20	26	2	3	1
Zotu1671	5	4	3	10	0	10	0	0	11	4	7	9	19	1	13	0
Zotu3564	8	5	16	5	0	14	0	0	10	6	14	0	7	9	8	2
Zotu3833	13	0	16	4	0	2	0	0	0	0	1	0	0	6	1	0
Zotu135	43	146	227	27	52	16	0	98	140	96	91	147	550	183	10	62
Zotu2755	3	0	4	6	1	11	0	3	4	0	13	6	12	3	4	30
Zotu3009	1	0	0	0	1	0	0	0	10	0	13	8	19	0	0	0
Zotu590	18	21	44	32	104	36	0	188	8	39	43	8	18	8	11	18
Zotu2343	6	0	3	3	0	2	0	0	0	0	2	0	0	4	1	70
Zotu2496	18	8	5	7	17	16	0	19	11	8	1	5	13	5	15	0
Zotu1018	14	20	26	9	7	21	0	14	39	14	8	23	77	9	7	31
Zotu2968	7	0	2	8	3	12	0	8	3	0	9	1	8	1	7	0
Zotu3119	1	0	1	0	0	0	0	0	0	0	0	0	0	0	0	127
Zotu2683	8	5	3	5	0	6	0	1	7	1	3	1	6	7	5	8
Zotu1016	25	20	16	20	3	30	0	3	0	21	48	0	1	4	20	14
Zotu2763	11	2	40	10	0	7	0	0	0	1	1	0	0	2	1	0
Zotu3892	4	7	2	6	0	18	0	2	2	4	8	1	8	1	7	2
Zotu926	36	18	41	3	1	1	0	0	31	27	31	37	88	14	11	0
Zotu799	5	18	6	16	7	22	0	13	22	12	41	12	45	4	10	21
Zotu1674	3	0	6	31	0	38	0	1	1	0	0	0	1	0	39	0
Zotu633	25	33	28	63	24	43	0	44	12	39	14	9	28	13	42	17
Zotu1619	7	0	20	54	0	76	0	0	2	1	1	1	3	2	69	0
Zotu2104	33	1	15	14	3	19	0	7	21	2	1	16	36	8	7	1
Zotu1339	9	22	10	9	36	10	0	83	1	23	3	0	1	8	10	103
Zotu3499	3	1	1	6	0	2	0	0	5	0	1	6	15	1	1	1
Zotu1616	5	8	4	0	10	0	0	18	15	9	27	11	34	1	0	5
Zotu3005	4	2	3	4	1	3	0	1	1	5	8	0	0	0	3	6
Zotu864	23	18	40	5	20	5	0	16	36	30	16	40	91	15	6	29
Zotu1034	19	10	30	59	6	44	0	18	11	10	24	4	19	19	40	5
Zotu321	32	0	53	96	0	97	0	0	103	1	10	131	264	15	94	3
Zotu3413	5	10	4	5	2	14	0	3	8	4	4	3	8	5	5	0
Zotu1426	11	0	6	16	0	31	0	0	0	0	5	0	0	2	12	147
Zotu2031	7	11	11	10	0	7	0	5	11	15	10	6	18	2	0	23
Zotu868	4	2	1	8	5	4	0	3	35	0	2	30	89	3	1	21
Zotu2203	2	17	7	15	3	7	0	9	2	11	0	0	4	3	3	61
Zotu4084	10	4	4	5	6	5	0	16	0	9	10	0	1	2	3	1
Zotu2547	5	3	8	5	2	7	0	7	12	2	0	3	11	5	6	3
Zotu1645	8	7	5	24	3	9	0	5	7	11	23	7	9	2	12	3
Zotu1607	8	7	28	17	3	29	0	5	3	13	8	4	9	10	7	27
Zotu1234	15	16	24	17	3	24	0	3	2	7	8	1	7	9	20	32
Zotu4166	2	3	0	0	0	1	0	2	0	0	8	2	1	1	1	21
Zotu2814	12	4	17	16	0	15	0	0	1	4	3	0	4	5	24	5
Zotu3304	2	2	8	0	0	1	0	0	3	1	0	5	16	1	2	3
Zotu126	3	3	5	35	8	32	0	6	0	1	4	0	0	2	8	1749
Zotu1768	12	38	4	19	2	14	0	1	0	21	3	0	0	7	20	2
Zotu4144	1	3	3	6	3	1	0	2	1	5	3	3	8	0	1	4
Zotu710	3	1	1	5	0	3	0	0	0	0	1	0	2	2	3	306
Zotu2612	5	2	7	5	1	6	0	6	8	3	30	6	17	4	3	1
Zotu1349	14	12	22	12	1	26	0	6	10	18	30	9	22	5	9	9
Zotu1539	4	33	7	20	0	26	0	0	7	25	78	3	6	1	7	2
Zotu2596	4	0	2	17	0	12	0	0	14	0	3	4	29	1	9	1
Zotu949	13	63	24	1	0	6	0	0	0	70	2	0	0	7	7	32
Zotu588	11	14	30	72	9	63	0	11	22	13	235	8	29	11	42	17
Zotu766	5	11	1	45	1	28	0	0	3	11	127	4	12	0	35	34
Zotu3648	4	1	15	16	0	18	0	0	0	0	0	0	0	6	7	2
Zotu3529	7	2	5	3	1	8	0	3	1	5	4	0	5	5	5	1
Zotu893	7	5	3	0	64	0	0	109	29	9	64	21	48	5	0	17
Zotu3826	2	0	1	9	0	3	0	0	0	4	18	0	0	3	9	1
Zotu2535	1	0	1	2	0	3	0	0	16	1	1	7	47	0	0	2
Zotu3829	8	5	6	3	1	1	0	2	2	3	4	1	15	2	0	3
Zotu2750	15	8	12	14	5	15	0	3	3	8	6	1	2	6	2	70
Zotu2291	2	5	1	3	1	1	0	2	18	3	1	4	22	0	0	9
Zotu861	27	25	44	41	9	54	0	18	2	12	17	5	7	21	51	13
Zotu1919	2	0	3	44	0	36	0	0	0	0	0	0	0	3	38	0
Zotu3102	12	6	11	3	0	1	0	0	1	5	7	0	3	7	0	0
Zotu1665	15	8	11	23	0	27	0	0	1	9	0	2	7	5	22	0
Zotu2311	7	13	0	0	3	0	0	3	9	11	10	3	10	1	1	11
Zotu1257	5	32	0	19	4	9	0	0	6	35	82	5	6	7	12	2
Zotu2173	7	3	2	2	8	5	0	7	7	1	3	14	29	0	1	0
Zotu2081	6	0	7	0	3	0	0	0	3	0	58	0	8	1	0	0
Zotu3431	1	3	12	7	2	4	0	1	1	0	2	1	0	7	5	0
Zotu382	6	69	10	0	65	3	0	122	97	73	110	76	186	4	0	16
Zotu1366	5	10	9	9	2	8	0	3	3	8	10	1	8	2	8	26
Zotu977	14	21	33	34	1	48	0	7	20	17	20	9	26	7	17	17
Zotu1271	11	8	25	13	5	16	0	5	3	9	10	5	3	10	17	40
Zotu892	10	8	33	70	3	62	0	11	5	0	11	2	11	3	82	0
Zotu1371	3	16	7	7	3	9	0	1	1	10	2	1	3	1	2	123
Zotu3660	1	0	7	5	6	13	0	9	0	0	0	0	0	0	3	1
Zotu2935	5	25	9	10	1	17	0	7	7	26	25	2	12	9	14	19
Zotu3814	4	5	12	4	2	11	0	4	7	4	6	1	9	9	3	4
Zotu29	9	52	42	11	5	15	0	8	12	48	5247	3	6	15	9	10
Zotu2085	6	15	6	29	23	27	0	45	0	19	3	0	0	0	26	5
Zotu771	21	5	66	103	13	100	0	15	8	5	2	7	9	7	115	1
Zotu2201	23	18	10	14	4	8	0	4	11	12	17	8	14	3	9	15
Zotu501	13	11	5	12	1	3	0	11	34	16	505	16	61	4	5	13
Zotu1388	6	0	10	24	5	18	0	18	7	4	18	8	24	13	14	20
Zotu1026	15	16	35	14	1	18	0	1	3	11	48	2	2	9	10	7
Zotu3659	4	2	4	2	0	2	0	3	0	3	3	0	2	1	1	0
Zotu3925	1	0	1	0	7	0	0	17	0	0	0	0	0	0	0	0
Zotu4456	5	2	8	5	0	4	0	0	0	0	0	0	1	6	2	0
Zotu3736	6	0	5	1	0	1	0	0	0	0	1	0	0	12	1	65
Zotu793	5	29	7	9	5	23	0	8	18	53	49	2	17	3	8	28
Zotu3825	5	1	2	1	1	2	0	13	2	5	13	1	1	2	1	0
Zotu3354	2	3	3	8	0	2	0	1	1	0	0	2	0	2	2	2
Zotu527	11	4	20	12	22	16	0	30	165	3	28	185	237	3	33	3
Zotu2294	8	4	10	12	11	10	0	27	5	5	2	2	12	3	5	11
Zotu702	19	6	15	44	111	42	0	167	7	2	3	1	9	5	39	1
Zotu1035	11	27	16	12	0	14	0	7	6	24	9	4	21	5	9	14
Zotu2744	4	4	14	5	10	6	0	9	4	3	0	2	6	1	2	0
Zotu2327	14	0	15	1	0	1	0	0	12	0	0	5	9	13	0	0
Zotu3378	6	0	3	2	0	1	0	0	1	2	0	7	23	1	1	0
Zotu3921	10	9	16	11	3	12	0	3	4	4	4	3	6	12	11	2
Zotu506	20	43	6	74	97	56	0	94	22	38	2	14	29	5	58	0
Zotu1166	14	13	3	14	23	9	0	21	3	20	14	5	11	5	17	0
Zotu4445	32	12	35	17	9	44	0	11	34	15	43	4	41	19	17	16
Zotu4263	6	5	25	8	0	7	0	0	1	7	20	4	6	6	4	0
Zotu2410	1	2	3	1	1	5	0	4	17	3	0	13	42	3	2	2
Zotu218	4	2	2	45	0	92	0	0	0	0	0	0	0	1	14	1746
Zotu2280	4	6	2	3	2	5	0	2	15	6	24	11	34	2	3	2
Zotu1751	9	8	19	9	0	11	0	0	5	6	25	1	8	0	3	0
Zotu4219	1	0	0	0	10	3	0	26	1	0	0	0	0	0	18	0
Zotu4420	10	0	5	0	0	0	0	0	0	0	0	1	1	0	0	0
Zotu2404	2	14	2	3	3	2	0	4	29	11	15	15	52	3	1	17
Zotu2043	1	0	0	0	0	0	0	0	0	0	1	0	0	0	0	88
Zotu2910	4	1	10	2	6	10	0	5	1	0	0	1	3	0	37	0
Zotu1445	10	0	7	50	0	54	0	1	1	0	0	0	0	15	38	7
Zotu1208	7	24	10	7	7	11	0	12	18	24	33	5	30	3	2	1
Zotu1046	13	13	16	5	2	7	0	3	16	14	53	10	20	10	5	44
Zotu1167	1	42	0	0	0	0	0	0	3	28	72	3	11	2	0	7
Zotu1030	11	10	15	22	6	31	0	10	3	10	10	6	5	7	10	71
Zotu1830	12	9	16	13	0	13	0	0	7	11	1	7	16	6	17	0
Zotu697	22	21	17	27	3	38	0	3	13	28	42	24	44	17	43	34
Zotu758	10	19	28	16	10	10	0	5	3	11	9	3	5	12	7	105
Zotu1961	12	8	17	4	3	5	0	1	2	9	25	3	0	8	5	0
Zotu3639	3	0	0	0	2	2	0	7	18	0	2	3	31	1	0	2
Zotu4177	2	36	3	0	0	0	0	0	0	25	0	1	3	0	1	1
Zotu890	14	0	19	21	0	14	0	0	75	0	0	55	117	4	34	1
Zotu2948	22	9	12	9	1	19	0	5	9	7	6	1	26	7	2	1
Zotu4357	3	9	6	1	1	8	0	0	1	14	13	3	3	1	2	5
Zotu1154	13	6	25	14	26	11	0	27	28	11	59	32	14	10	23	5
Zotu2992	5	1	15	13	3	9	0	8	0	3	27	0	0	3	6	5
Zotu2154	5	6	5	3	0	12	0	6	3	3	2	2	8	3	2	13
Zotu1970	2	24	3	25	3	23	0	4	0	35	0	0	0	0	15	1
Zotu1024	6	3	11	42	7	37	0	11	4	3	44	5	16	8	25	11
Zotu3138	10	12	27	12	11	17	0	17	0	8	10	0	1	10	6	11
Zotu1992	4	13	4	9	5	21	0	4	5	13	12	5	12	5	2	14
Zotu1296	2	3	1	11	4	13	0	2	23	8	19	18	32	2	21	8
Zotu4363	5	1	6	3	1	3	0	4	1	4	3	0	3	0	0	1
Zotu1313	12	14	27	7	103	4	0	83	3	9	0	2	0	2	20	0
Zotu2324	7	5	1	6	1	14	0	1	12	6	10	2	10	5	3	3
Zotu2220	1	0	31	0	1	1	0	0	0	2	40	0	0	17	1	0
Zotu616	12	0	38	220	0	243	0	0	0	0	0	0	0	15	121	0
Zotu3751	4	2	5	0	0	5	0	0	2	0	0	6	5	3	2	0
Zotu4397	10	26	3	4	0	9	0	0	4	12	11	0	0	29	3	5
Zotu912	4	21	10	3	20	6	0	46	36	17	7	26	95	4	2	40
Zotu2964	3	14	3	3	1	26	0	0	1	35	2	7	4	4	2	6
Zotu2517	5	4	5	0	0	0	0	0	19	1	1	7	8	2	0	0
Zotu3521	2	5	4	2	5	9	0	17	5	14	2	5	5	3	3	7
Zotu2989	2	5	1	5	0	5	0	1	4	1	30	3	0	0	7	0
Zotu2762	5	0	17	23	1	20	0	0	0	1	3	1	0	7	16	0
Zotu312	11	95	58	35	45	18	0	80	25	181	78	12	42	10	16	60
Zotu2533	5	1	25	29	0	48	0	0	0	0	1	0	0	6	17	1
Zotu572	3	47	2	4	14	6	0	19	58	73	88	39	92	4	3	5
Zotu1581	9	0	9	10	56	3	0	56	3	1	3	1	11	3	10	3
Zotu3255	5	1	5	2	6	2	0	4	7	2	8	1	5	0	3	1
Zotu3816	2	1	2	3	1	3	0	2	3	6	0	2	4	1	0	5
Zotu3749	14	0	5	0	0	0	0	0	3	0	0	0	0	3	0	5
Zotu3902	15	30	18	10	3	23	0	15	12	8	16	8	17	7	7	25
Zotu3528	4	0	3	8	0	6	0	0	8	1	4	6	9	1	4	1
Zotu1932	6	23	10	1	3	13	0	8	11	12	15	5	32	4	3	11
Zotu1596	2	0	3	1	0	1	0	0	2	0	48	2	7	0	0	78
Zotu1957	5	7	5	5	5	3	0	5	25	17	13	12	72	0	1	5
Zotu1507	1	22	1	3	0	1	0	0	4	40	74	2	3	0	2	64
Zotu2207	3	0	6	18	14	11	0	25	5	0	11	3	0	2	7	0
Zotu3560	1	0	1	10	0	11	0	0	0	3	0	0	0	2	12	0
Zotu732	4	19	10	29	34	23	0	67	46	11	19	29	83	3	19	11
Zotu844	14	32	6	0	0	0	0	1	30	21	69	29	66	6	0	205
Zotu1566	11	7	24	23	18	23	0	33	10	11	42	10	21	14	17	42
Zotu3034	1	2	0	2	1	3	0	0	8	8	21	3	12	2	3	0
Zotu1139	5	9	10	0	2	1	0	3	22	11	4	41	113	10	3	2
Zotu3642	11	0	1	1	3	1	0	6	1	3	8	4	4	2	1	0
Zotu1115	8	42	10	11	0	7	0	0	2	37	50	1	6	7	13	4
Zotu2339	2	2	0	1	0	0	0	5	7	4	8	6	12	1	0	5
Zotu3889	4	3	8	2	1	1	0	4	2	1	1	0	5	0	3	1
Zotu1771	11	10	17	3	8	3	0	25	0	5	26	2	1	8	3	6
Zotu3845	6	0	1	16	7	30	0	9	0	0	0	0	0	2	12	0
Zotu1667	4	4	0	12	11	12	0	12	3	3	7	0	0	5	6	29
Zotu2152	11	0	4	19	0	13	0	0	0	0	4	0	0	5	13	0
Zotu1837	14	7	4	4	1	2	0	2	2	5	2	9	65	3	3	0
Zotu3510	2	2	17	1	0	1	0	0	2	1	1	2	1	9	0	0
Zotu3997	4	3	12	8	3	8	0	6	2	9	1	0	0	5	4	0
Zotu2140	5	7	0	28	7	31	0	18	0	3	0	0	0	4	14	2
Zotu1789	11	3	24	23	13	26	0	15	1	0	1	3	2	13	21	0
Zotu3931	12	0	20	11	3	23	0	5	6	5	5	1	5	10	9	0
Zotu3506	11	6	10	16	2	13	0	2	4	7	14	0	11	2	10	1
Zotu1127	16	9	21	33	0	40	0	0	5	12	60	1	5	12	32	2
Zotu2200	4	1	4	17	9	19	0	18	7	1	0	5	4	1	21	0
Zotu1780	8	3	17	14	1	23	0	8	2	8	18	1	4	4	11	6
Zotu2700	6	0	0	0	17	0	0	26	0	6	37	3	0	3	0	1
Zotu1729	4	6	13	5	1	62	0	16	1	8	7	5	6	4	5	2
Zotu1711	6	0	19	40	23	37	0	38	0	0	1	0	1	3	23	0
Zotu379	5	0	2	44	63	47	0	144	119	1	118	90	146	3	38	0
Zotu2144	6	15	5	8	9	16	0	20	21	11	10	12	32	1	4	11
Zotu3677	1	0	1	2	0	2	0	0	0	3	0	2	4	0	2	2
Zotu2415	4	9	1	1	3	3	0	1	9	4	4	6	9	2	0	2
Zotu895	4	0	5	2	1	0	0	1	0	1	2	0	0	2	1	282
Zotu2937	8	1	10	5	4	9	0	4	2	13	6	1	10	1	1	15
Zotu1708	14	14	15	17	0	22	0	0	1	5	1	1	3	3	20	0
Zotu1732	4	5	7	8	1	10	0	1	7	2	5	4	11	0	8	5
Zotu1675	4	9	50	8	0	4	0	0	0	17	52	0	1	39	3	1
Zotu1359	7	9	15	33	2	42	0	4	7	5	6	4	9	6	31	2
Zotu1784	2	19	0	47	0	46	0	0	0	16	6	1	3	0	41	0
Zotu2653	1	4	0	0	7	0	0	15	0	3	14	0	2	0	0	40
Zotu3785	2	1	2	0	0	0	0	0	3	0	0	2	21	0	3	3
Zotu1833	8	6	14	21	0	16	0	0	6	11	3	4	5	2	16	1
Zotu888	24	7	51	59	2	58	0	3	18	9	2	7	20	26	12	9
Zotu2998	4	0	2	5	1	4	0	1	0	0	0	0	0	0	5	2
Zotu2816	7	0	5	28	0	25	0	0	0	0	0	0	0	4	16	1
Zotu3321	6	1	11	12	1	16	0	0	0	1	5	1	1	4	8	0
Zotu2000	7	49	1	12	0	10	0	0	0	66	3	3	2	3	13	1
Zotu1526	8	13	12	30	0	11	0	1	16	5	4	9	19	2	32	0
Zotu4330	2	0	1	1	0	1	0	0	0	2	2	0	0	0	0	2
Zotu686	6	0	26	48	4	40	0	7	27	0	25	29	75	4	29	8
Zotu678	18	6	11	0	1	0	0	1	114	1	5	59	176	5	0	8
Zotu2315	7	3	6	1	1	8	0	1	2	1	7	0	4	1	2	27
Zotu1874	12	0	30	25	2	28	0	7	4	9	48	2	7	10	24	7
Zotu2484	2	0	5	29	0	24	0	0	4	4	1	2	4	2	16	0
Zotu3267	1	2	2	0	0	0	0	0	8	1	0	5	3	0	0	9
Zotu1201	6	13	9	20	65	17	0	102	5	10	5	5	5	2	11	18
Zotu3623	4	0	1	0	20	1	0	17	0	1	0	1	0	1	0	6
Zotu3174	3	3	10	1	2	3	0	6	5	2	1	7	20	0	3	0
Zotu1974	1	0	1	3	0	1	0	0	1	0	1	0	2	2	0	125
Zotu3031	14	1	0	11	5	11	0	2	0	0	0	0	0	3	5	9
Zotu917	3	4	2	55	2	81	0	1	1	1	2	0	1	1	26	2
Zotu2073	3	8	4	24	13	30	0	15	2	4	7	5	13	3	10	10
Zotu2830	3	0	9	20	0	24	0	1	2	2	11	4	7	2	20	1
Zotu3824	5	2	4	0	1	4	0	5	1	2	0	8	10	0	0	0
Zotu1156	3	8	2	14	0	11	0	1	26	13	7	17	67	1	21	0
Zotu1297	11	7	21	10	12	9	0	9	23	20	4	13	27	11	11	14
Zotu3575	2	13	9	6	2	7	0	1	9	8	12	1	0	3	2	1
Zotu1627	8	3	23	38	2	42	0	2	2	12	13	1	3	7	27	2
Zotu2503	7	15	2	3	3	4	0	2	8	16	7	4	29	4	1	4
Zotu2805	4	1	25	5	1	5	0	0	1	7	0	0	2	4	0	4
Zotu4343	1	3	0	16	0	13	0	0	0	0	1	0	1	0	14	14
Zotu2053	1	0	0	19	2	24	0	4	0	0	1	0	1	0	9	0
Zotu2824	7	3	37	26	0	29	0	0	1	2	2	0	0	7	10	0
Zotu4107	3	7	2	0	1	0	0	1	1	4	0	0	0	2	0	0
Zotu2143	17	8	4	0	1	1	0	0	18	14	38	9	7	3	6	2
Zotu565	9	0	71	66	99	95	0	145	0	0	0	2	3	2	51	0
Zotu689	2	84	2	78	0	53	0	0	0	106	0	0	1	1	59	0
Zotu3987	6	9	4	5	2	15	0	2	4	2	7	1	5	3	10	4
Zotu2955	6	0	7	18	2	14	0	4	4	1	2	5	16	3	13	0
Zotu1913	4	1	8	41	5	40	0	6	13	1	0	6	13	2	32	0
Zotu2062	9	4	9	10	1	17	0	0	6	1	1	5	16	3	5	4
Zotu1215	1	0	3	60	0	90	0	0	1	0	0	0	0	0	55	0
Zotu3463	3	0	9	7	1	9	0	7	0	0	1	0	0	1	7	0
Zotu2742	4	2	42	19	16	35	0	25	3	7	8	0	2	9	12	14
Zotu1684	7	9	15	6	5	12	0	11	4	7	29	3	9	7	7	8
Zotu1424	13	6	23	11	1	21	0	3	16	12	11	3	11	6	14	5
Zotu932	44	8	17	26	10	22	0	7	47	16	12	68	35	17	90	2
Zotu3996	5	4	27	0	0	0	0	0	0	7	7	0	2	19	4	0
Zotu1812	3	7	10	9	4	11	0	4	3	16	12	2	4	0	0	10
Zotu655	28	27	13	84	40	97	0	81	0	16	0	0	2	13	57	0
Zotu1815	7	0	11	12	7	26	0	25	1	6	23	3	2	2	26	0
Zotu3610	6	7	10	4	2	10	0	1	2	5	4	1	4	6	1	18
Zotu2441	4	0	6	0	0	1	0	0	5	0	5	8	9	2	0	0
Zotu4012	5	5	7	1	2	5	0	3	4	1	4	0	7	3	0	0
Zotu1672	2	10	10	8	1	8	0	2	2	4	7	1	9	4	3	25
Zotu3387	4	7	11	19	2	18	0	4	1	18	9	2	7	2	12	12
Zotu881	6	1	7	23	1	33	0	1	1	3	2	0	1	5	13	227
Zotu4103	6	3	3	4	1	8	0	1	2	3	35	2	9	2	4	11
Zotu1958	1	0	0	0	16	0	0	17	52	0	5	3	30	0	0	0
Zotu1869	5	18	26	0	2	1	0	2	10	12	6	5	43	11	4	2
Zotu644	4	27	6	8	47	15	0	95	5	42	17	8	24	1	2	52
Zotu500	1	0	0	0	0	0	0	0	0	0	2	1	0	0	0	759
Zotu2841	5	5	5	2	6	1	0	0	7	3	3	2	11	2	0	3
Zotu3840	11	1	10	10	0	8	0	1	0	0	0	0	0	6	6	41
Zotu3709	3	8	2	1	14	5	0	12	4	8	3	7	11	4	4	13
Zotu1087	6	52	8	15	0	25	0	0	10	50	4	16	0	6	30	0
Zotu2724	4	2	4	5	2	5	0	4	4	2	1	3	11	4	6	2
Zotu406	2	0	1	11	2	16	0	0	0	0	2	0	0	0	4	602
Zotu1319	13	3	2	2	0	12	0	0	10	0	0	38	61	1	4	1
Zotu2010	8	0	28	5	0	10	0	0	3	1	1	3	2	6	7	0
Zotu1522	2	3	1	3	0	13	0	2	0	0	0	0	0	1	3	288
Zotu3426	5	2	3	6	0	8	0	0	0	5	4	0	5	3	3	0
Zotu2188	5	4	11	4	9	4	0	14	0	1	2	0	0	5	4	26
Zotu2418	10	5	21	1	5	2	0	4	4	6	16	2	9	5	3	0
Zotu3900	10	0	5	15	0	8	0	0	7	0	8	1	3	3	16	5
Zotu3489	2	10	3	3	0	3	0	0	0	12	0	0	2	1	6	1
Zotu960	5	0	5	115	0	126	0	0	1	0	0	0	0	1	80	0
Zotu4279	2	3	6	0	0	10	0	1	1	0	4	1	0	0	0	4
Zotu1899	7	14	11	4	1	11	0	1	3	3	2	1	11	10	2	22
Zotu3331	1	0	1	1	0	0	0	1	6	0	7	5	20	0	0	5
Zotu3048	2	2	0	7	0	23	0	0	3	6	0	10	6	0	10	0
Zotu968	10	48	17	8	6	2	0	10	11	39	57	11	36	8	4	5
Zotu4215	3	0	0	1	0	0	0	0	3	0	0	3	9	1	0	6
Zotu1416	1	0	1	1	0	0	0	0	0	0	1	0	0	0	1	280
Zotu3133	2	0	1	0	18	1	0	42	0	2	0	1	0	0	0	3
Zotu1745	4	13	7	3	1	6	0	8	13	25	23	8	23	4	0	2
Zotu541	7	48	17	21	11	20	0	21	30	46	144	14	38	6	6	118
Zotu1943	4	0	9	12	2	22	0	2	6	2	2	5	12	6	9	12
Zotu3937	5	5	10	20	0	28	0	2	8	10	7	9	13	11	8	2
Zotu1606	10	14	10	6	9	19	0	20	19	22	19	11	56	10	3	4
Zotu4208	4	2	3	1	0	2	0	1	0	1	0	0	0	2	0	6
Zotu1620	16	6	5	19	0	33	0	0	1	9	0	1	0	10	18	0
Zotu1402	6	4	11	40	4	58	0	5	4	2	9	2	7	4	26	4
Zotu3256	7	9	4	0	4	0	0	16	6	8	23	7	1	2	0	2
Zotu1505	6	4	13	25	9	21	0	4	4	2	16	1	6	4	11	1
Zotu3569	3	0	4	5	0	5	0	0	1	0	0	3	7	0	7	0
Zotu1942	13	13	18	6	5	9	0	21	2	11	1	3	2	11	10	12
Zotu2602	5	20	0	2	2	4	0	4	1	22	23	0	1	4	1	3
Zotu436	17	184	28	28	86	44	0	119	3	119	26	1	3	12	14	21
Zotu2004	5	5	9	2	2	1	0	2	3	3	6	2	11	3	0	3
Zotu1858	5	43	6	4	0	4	0	0	1	54	16	7	14	4	3	1
Zotu816	9	60	3	20	0	18	0	0	22	52	25	25	51	10	13	1
Zotu1936	3	3	4	1	0	2	0	0	7	3	32	3	15	0	5	15
Zotu1061	11	9	30	58	15	49	0	29	6	0	11	4	4	5	52	1
Zotu226	8	1	3	16	0	36	0	3	0	1	5	0	0	4	18	1623
Zotu3562	1	6	11	7	0	11	0	0	0	4	3	0	0	5	2	0
Zotu2960	1	2	1	0	0	2	0	0	0	1	0	0	0	0	0	70
Zotu1785	2	20	1	5	0	13	0	0	10	20	4	4	22	1	8	6
Zotu2713	8	4	28	14	0	32	0	1	2	1	8	0	4	7	7	1
Zotu3517	10	11	8	8	1	11	0	3	3	5	7	5	7	5	7	19
Zotu592	15	46	49	15	19	36	0	12	29	59	44	10	57	14	7	16
Zotu1083	10	40	45	8	2	6	0	8	7	31	68	3	8	44	1	10
Zotu3077	1	5	1	2	11	3	0	12	3	10	9	5	9	2	2	3
Zotu2838	8	3	7	19	0	19	0	0	7	10	13	3	18	6	14	3
Zotu2554	3	2	26	7	0	10	0	0	0	1	0	0	0	1	0	0
Zotu3980	4	1	3	3	2	5	0	3	3	4	7	1	10	5	4	1
Zotu4312	3	0	0	5	0	5	0	0	0	0	0	0	0	2	3	11
Zotu3839	2	1	0	0	0	0	0	0	0	2	1	1	3	0	0	7
Zotu2295	4	11	14	3	8	1	0	7	3	7	16	1	4	7	4	1
Zotu2492	3	0	2	1	64	0	0	61	0	0	0	0	0	2	1	0
Zotu3759	8	2	7	9	1	10	0	3	0	3	7	3	8	8	3	2
Zotu2091	6	13	9	9	2	11	0	2	17	14	7	14	31	10	11	25
Zotu496	2	3	9	26	0	32	0	0	0	1	4	0	0	9	13	505
Zotu2451	3	2	19	8	1	11	0	2	3	10	4	3	3	4	4	5
Zotu2013	3	4	16	4	18	7	0	18	1	3	11	3	5	1	4	0
Zotu2317	11	1	16	36	1	39	0	1	10	4	1	6	13	2	18	0
Zotu2591	2	3	1	17	0	22	0	0	3	1	9	3	24	1	11	8
Zotu2605	3	3	3	2	2	3	0	2	9	0	0	2	11	4	0	0
Zotu1396	10	14	17	19	1	13	0	3	1	17	12	3	7	5	4	36
Zotu2055	1	0	1	5	0	0	0	0	0	0	0	0	0	0	2	92
Zotu3276	2	1	0	0	0	0	0	0	2	0	0	3	33	0	0	0
Zotu1686	6	15	20	0	0	1	0	0	1	39	3	0	4	2	0	8
Zotu971	16	26	22	12	2	11	0	12	3	47	7	2	16	6	4	52
Zotu1843	2	1	0	1	0	0	0	1	22	0	1	15	44	0	1	0
Zotu1810	16	0	30	12	0	3	0	0	0	0	1	0	0	10	3	0
Zotu639	19	240	34	55	3	74	0	8	30	148	64	29	75	17	51	10
Zotu4129	7	10	9	9	0	24	0	4	7	2	8	1	10	3	3	1
Zotu1750	6	14	3	0	0	1	0	0	10	9	25	9	26	0	0	0
Zotu2042	4	30	1	1	0	1	0	1	8	36	13	7	25	2	1	4
Zotu3253	13	0	4	3	26	6	0	60	0	0	0	0	0	2	2	1
Zotu3993	6	18	2	14	2	9	0	6	0	21	9	1	1	5	9	0
Zotu283	8	1	7	21	2	28	0	4	0	1	7	0	1	6	13	1082
Zotu2933	3	16	6	9	0	6	0	1	3	13	6	3	8	2	2	2
Zotu1294	10	8	43	42	1	51	0	4	8	6	2	0	7	11	9	7
Zotu2206	2	16	3	4	0	5	0	0	16	16	12	6	13	1	1	10
Zotu2445	4	1	8	5	12	7	0	19	5	2	29	4	11	0	11	1
Zotu4030	7	3	4	5	3	6	0	2	3	2	3	0	4	6	1	2
Zotu342	24	30	13	70	154	54	0	202	22	24	21	17	55	17	52	4
Zotu4402	4	0	3	5	0	7	0	0	0	1	0	0	5	0	9	0
Zotu1956	34	21	24	21	3	22	0	1	1	10	1	4	3	21	32	1
Zotu1398	3	7	8	1	0	7	0	0	39	6	26	23	68	2	2	6
Zotu1452	3	13	8	36	21	18	0	23	0	7	0	0	0	0	52	0
Zotu3251	3	10	3	10	1	5	0	4	1	12	2	0	14	2	3	11
Zotu1345	12	7	5	22	4	19	0	13	17	7	10	3	36	1	17	0
Zotu3089	3	0	5	11	0	7	0	0	0	0	0	0	0	2	8	0
Zotu3472	6	6	8	0	0	2	0	1	6	8	2	4	12	1	2	0
Zotu2684	12	2	18	22	0	13	0	0	1	1	0	0	0	5	13	0
Zotu2631	2	5	6	11	3	9	0	8	1	8	0	0	0	1	10	1
Zotu4429	2	0	1	2	8	1	0	12	3	0	0	1	2	0	1	0
Zotu3396	1	4	1	11	11	5	0	13	0	0	0	0	3	0	4	0
Zotu1044	11	8	1	17	1	33	0	1	33	11	21	24	40	1	22	32
Zotu3322	6	5	16	7	2	12	0	5	2	15	5	4	4	1	5	6
Zotu2384	1	1	12	1	0	1	0	2	6	2	2	4	11	5	3	7
Zotu2507	10	10	9	14	6	34	0	6	6	13	19	4	10	8	10	7
Zotu4272	3	5	1	2	0	2	0	5	10	12	34	8	10	0	8	3
Zotu3772	1	14	5	2	0	5	0	1	3	11	9	2	7	1	1	8
Zotu1643	5	5	8	12	3	21	0	4	0	11	5	0	2	6	9	36
Zotu4016	2	1	0	0	2	1	0	1	6	2	8	4	4	2	0	0
Zotu601	4	0	12	0	0	0	0	0	0	0	0	0	0	12	0	416
Zotu1170	3	112	1	3	0	5	0	3	14	106	73	12	2	3	7	1
Zotu1613	2	13	14	17	4	24	0	14	2	14	21	3	1	1	9	3
Zotu1283	5	7	9	10	1	14	0	1	5	4	8	1	4	5	5	36
Zotu3220	5	1	20	29	0	18	0	1	0	0	1	0	0	4	16	1
Zotu2646	1	1	1	10	0	20	0	0	3	1	7	5	0	1	21	0
Zotu2453	14	2	15	33	0	22	0	0	2	0	5	3	2	6	30	0
Zotu1203	2	35	4	0	1	1	0	0	6	15	158	7	30	0	2	0
Zotu1855	4	4	6	34	0	25	0	0	0	0	0	0	0	1	20	0
Zotu3045	4	0	6	12	0	10	0	0	0	0	1	4	6	2	9	2
Zotu1624	5	4	15	8	2	8	0	10	13	0	18	11	22	4	8	4
Zotu2463	1	16	0	0	21	1	0	34	0	8	6	0	1	2	0	5
Zotu1374	6	2	7	3	3	4	0	10	10	4	40	17	20	2	3	4
Zotu3473	2	7	0	4	0	5	0	0	3	12	5	1	3	1	6	2
Zotu2903	8	0	12	9	1	7	0	3	6	0	11	1	10	6	10	0
Zotu1316	8	1	24	14	16	26	0	42	7	4	13	5	15	2	9	15
Zotu1142	9	38	1	0	0	0	0	0	2	35	37	3	6	4	0	97
Zotu695	6	48	3	3	19	8	0	34	85	35	49	42	76	4	1	0
Zotu3942	3	4	6	2	0	1	0	1	0	7	1	0	0	0	0	4
Zotu2219	5	4	6	9	0	7	0	0	0	1	16	0	0	2	6	0
Zotu1892	3	8	13	16	1	22	0	1	0	11	0	1	4	1	6	5
Zotu1969	5	67	8	4	0	3	0	2	6	55	0	9	11	2	10	1
Zotu2643	4	2	1	2	3	6	0	0	7	4	2	7	11	1	2	7
Zotu1461	3	45	0	0	0	0	0	0	29	37	49	29	46	1	0	0
Zotu1511	2	1	1	3	0	4	0	1	0	2	2	0	0	0	2	192
Zotu818	1	7	1	2	3	6	0	19	67	10	5	19	142	0	2	2
Zotu3272	7	6	6	7	0	6	0	0	1	9	0	0	2	1	7	2
Zotu4018	2	0	4	2	0	2	0	2	2	4	0	1	2	1	0	3
Zotu1033	9	2	13	83	8	55	0	6	6	4	2	2	5	11	90	0
Zotu3415	6	2	8	6	1	3	0	1	2	3	1	1	6	1	5	0
Zotu2183	4	14	18	6	2	5	0	3	0	13	12	3	3	3	1	10
Zotu1753	11	17	11	12	2	14	0	7	4	5	6	5	7	2	3	13
Zotu3915	2	3	10	2	3	8	0	0	2	3	4	1	4	5	1	2
Zotu3702	1	0	2	4	0	3	0	0	2	1	7	2	4	1	2	0
Zotu2573	4	0	2	29	0	42	0	4	0	0	2	0	0	3	26	3
Zotu4261	1	1	0	1	2	2	0	4	2	2	16	0	0	0	2	1
Zotu986	4	2	31	87	6	81	0	5	1	0	2	2	3	3	89	1
Zotu3296	11	2	6	1	0	0	0	0	3	1	9	2	6	12	0	0
Zotu2858	11	3	20	6	3	7	0	3	0	0	0	0	2	9	1	1
Zotu1309	4	14	2	9	2	6	0	0	28	22	29	22	45	3	3	11
Zotu2301	5	4	9	6	3	19	0	10	4	15	6	0	2	4	3	4
Zotu2574	1	1	2	3	22	7	0	40	0	0	4	2	2	0	4	1
Zotu369	6	21	7	7	2	1	0	4	71	24	682	30	109	8	1	0
Zotu2927	4	0	8	9	0	5	0	0	4	0	1	3	9	4	5	0
Zotu2494	3	9	7	18	0	21	0	0	2	20	11	0	2	3	17	5
Zotu2145	9	3	22	17	0	22	0	0	0	3	2	0	0	6	8	0
Zotu1981	3	8	10	4	3	7	0	1	5	16	11	2	11	5	3	16
Zotu1009	13	0	36	85	0	107	0	0	0	0	0	0	0	6	47	0
Zotu2257	3	0	2	8	25	6	0	26	9	1	3	6	9	1	9	0
Zotu2952	3	1	1	0	1	1	0	0	8	1	11	5	16	2	1	10
Zotu3374	13	3	17	4	0	11	0	0	7	2	2	3	6	6	3	0
Zotu936	4	135	6	5	1	6	0	0	47	114	84	35	8	2	8	3
Zotu2421	6	9	15	6	5	2	0	9	0	12	2	1	2	3	0	10
Zotu2468	7	11	9	9	0	18	0	0	0	6	0	0	0	1	14	0
Zotu4142	5	1	1	5	0	5	0	0	6	1	2	10	25	2	9	0
Zotu1432	18	13	32	29	7	46	0	12	13	12	23	10	19	21	25	3
Zotu1014	6	34	48	1	2	2	0	7	10	29	117	3	2	19	2	1
Zotu2177	9	0	7	4	6	2	0	12	0	0	21	0	0	10	5	0
Zotu4051	2	5	4	1	1	1	0	1	2	3	2	0	3	0	1	2
Zotu2921	3	3	7	5	2	2	0	5	4	9	15	4	8	2	0	6
Zotu2226	3	1	0	5	3	5	0	4	18	1	1	5	11	0	0	6
Zotu1648	1	24	1	0	0	0	0	2	4	36	65	1	4	0	0	9
Zotu535	2	2	13	1	1	2	0	6	8	14	471	5	13	0	3	3
Zotu3812	9	0	7	0	0	0	0	0	7	2	11	6	10	4	0	15
Zotu2046	5	9	9	12	2	19	0	4	8	13	24	8	25	1	4	2
Zotu2170	5	3	0	12	0	15	0	0	0	1	1	0	0	4	29	0
Zotu2529	4	11	13	18	2	13	0	3	9	13	9	4	4	1	7	8
Zotu3596	6	0	4	20	5	14	0	2	0	1	0	1	0	1	8	0
Zotu4067	2	4	2	3	1	3	0	2	0	2	6	1	6	0	3	0
Zotu1705	4	7	1	3	2	3	0	2	14	2	9	13	82	0	2	1
Zotu1409	4	0	7	13	0	5	0	0	0	0	0	0	0	3	4	160
Zotu3075	10	4	20	10	3	30	0	10	11	2	15	0	13	8	8	3
Zotu4431	3	1	0	1	0	2	0	0	5	2	13	6	19	0	3	3
Zotu1198	14	16	26	20	1	21	0	0	5	32	11	4	7	15	11	23
Zotu3767	4	10	8	2	13	2	0	15	3	3	3	5	3	3	2	4
Zotu1290	5	27	12	14	0	21	0	0	15	49	33	9	44	3	16	2
Zotu351	4	3	8	144	75	145	0	118	0	3	5	1	1	10	65	438
Zotu3311	6	5	0	8	0	1	0	0	3	1	0	4	15	2	3	1
Zotu3577	5	1	7	7	0	2	0	0	2	3	4	17	29	6	11	0
Zotu3212	5	0	5	13	12	8	0	3	0	0	0	0	0	1	4	0
Zotu1683	4	14	5	26	0	39	0	0	5	10	5	2	13	6	11	9
Zotu2764	2	1	1	17	0	13	0	0	2	1	1	3	11	2	9	0
Zotu250	9	0	11	42	8	39	0	12	0	3	6	0	0	9	33	1119
Zotu2721	4	0	5	5	0	3	0	0	1	0	1	3	0	1	16	0
Zotu4306	5	4	1	6	0	5	0	0	3	2	15	11	29	2	5	1
Zotu769	3	26	68	61	0	75	0	1	1	39	0	0	1	1	34	3
Zotu1055	13	2	13	26	20	45	0	92	28	12	88	16	37	12	36	17
Zotu2926	2	0	0	3	0	4	0	1	26	0	2	33	30	0	5	8
Zotu1043	4	5	17	46	0	61	0	6	25	17	11	19	35	7	28	13
Zotu4364	6	1	17	8	0	6	0	3	0	4	1	0	0	2	8	0
Zotu1206	15	32	23	9	2	12	0	10	17	18	26	10	30	9	1	1
Zotu2804	6	4	8	1	3	7	0	5	4	12	4	3	9	1	4	8
Zotu1971	8	7	22	27	3	22	0	10	1	11	2	2	3	4	19	2
Zotu882	17	22	48	46	4	39	0	6	7	17	22	6	17	14	18	76
Zotu462	12	17	33	13	3	20	0	11	51	18	11	37	200	16	21	54
Zotu1743	5	9	14	13	8	9	0	7	12	7	26	6	26	8	11	12
Zotu3163	7	8	2	0	0	0	0	0	1	17	3	0	3	7	0	16
Zotu2888	3	13	2	3	3	7	0	2	19	13	9	6	4	2	7	11
Zotu1537	4	1	3	14	0	24	0	3	0	1	1	1	0	0	13	47
Zotu3423	11	0	12	6	0	8	0	0	2	0	14	0	3	7	4	21
Zotu869	7	1	67	141	3	164	0	5	0	1	0	3	1	1	82	0
Zotu4463	7	0	8	0	0	1	0	0	2	3	3	3	4	2	0	12
Zotu3454	1	2	0	0	0	2	0	0	9	2	2	7	4	1	2	4
Zotu4179	1	4	4	1	0	5	0	2	2	2	4	2	2	3	0	6
Zotu2408	4	12	13	8	4	14	0	10	5	14	3	2	7	6	4	21
Zotu1551	9	9	4	49	1	60	0	3	2	6	11	0	5	1	14	0
Zotu2437	1	0	0	0	0	0	0	2	10	0	4	12	14	0	0	0
Zotu3243	3	1	1	1	3	3	0	4	12	1	1	2	32	0	2	0
Zotu1807	2	11	6	2	3	4	0	2	11	9	8	1	18	1	2	9
Zotu923	3	0	6	0	7	6	0	1	28	1	0	83	134	2	10	2
Zotu1188	9	24	10	7	0	7	0	3	34	25	84	20	44	8	2	6
Zotu3428	2	0	2	9	0	14	0	1	0	0	0	0	1	5	6	0
Zotu3460	3	4	10	7	5	31	0	2	15	2	4	1	23	5	0	0
Zotu2458	3	9	7	1	1	2	0	1	0	0	1	0	1	3	1	35
Zotu1185	1	2	13	7	0	4	0	1	39	6	4	14	91	7	1	1
Zotu3153	4	1	9	13	3	16	0	7	1	2	1	1	1	1	9	0
Zotu2174	5	21	6	44	18	43	0	32	2	23	8	0	2	2	15	6
Zotu3737	13	0	3	6	19	8	0	29	0	0	0	0	0	10	3	1
Zotu3904	2	2	3	6	0	2	0	0	2	0	2	0	1	1	2	2
Zotu1056	6	2	13	45	23	69	0	33	1	0	5	1	1	8	41	0
Zotu3470	1	3	0	0	0	2	0	0	0	0	40	0	0	1	0	1
Zotu3449	4	0	9	9	5	13	0	30	0	0	0	0	1	2	10	1
Zotu522	4	8	4	8	1	8	0	0	93	8	66	69	174	1	6	6
Zotu2380	4	3	5	0	0	0	0	0	26	2	10	12	39	3	0	9
Zotu3147	2	1	0	12	0	8	0	0	2	1	0	1	3	1	4	0
Zotu1094	4	12	8	18	4	17	0	4	1	8	20	4	6	8	9	33
Zotu3939	2	2	1	5	0	4	0	0	1	0	4	5	16	2	0	14
Zotu2205	1	0	0	0	1	0	0	0	0	2	14	0	1	1	0	70
Zotu3657	3	4	1	2	0	4	0	1	3	3	8	0	1	1	2	8
Zotu2044	7	10	9	15	1	14	0	0	0	16	64	1	4	3	7	25
Zotu3182	16	0	8	42	0	38	0	0	0	0	0	0	0	3	23	0
Zotu787	4	0	12	94	24	115	0	47	11	0	2	7	11	2	90	0
Zotu4189	4	3	3	5	2	5	0	2	1	1	9	0	2	0	6	4
Zotu3332	4	1	3	11	0	5	0	0	1	0	0	0	4	3	5	1
Zotu4096	3	11	1	0	0	5	0	0	3	12	15	3	3	0	3	1
Zotu2774	3	14	2	2	2	8	0	3	2	4	8	0	4	2	0	1
Zotu1977	9	0	14	6	1	8	0	1	12	1	17	7	25	8	5	36
Zotu391	33	14	60	60	31	63	0	54	66	17	140	57	171	24	48	89
Zotu3799	3	0	1	16	0	7	0	0	1	1	4	1	0	2	14	0
Zotu1288	3	67	4	0	1	0	0	1	23	57	22	8	30	2	3	0
Zotu3888	1	4	6	13	2	3	0	4	3	8	1	4	2	1	2	1
Zotu3830	2	0	1	6	2	6	0	1	4	0	2	2	16	3	1	0
Zotu482	1	0	3	2	0	3	0	0	0	0	0	0	0	0	3	534
Zotu3863	3	0	1	1	0	1	0	0	4	0	9	5	6	1	2	9
Zotu3093	2	5	2	1	2	0	0	11	5	5	0	6	8	3	0	0
Zotu4155	9	10	2	4	0	5	0	0	5	3	9	12	9	1	3	0
Zotu2534	5	6	0	0	0	1	0	0	7	6	1	7	27	3	1	1
Zotu3502	14	10	8	6	1	15	0	2	4	16	0	5	1	2	10	0
Zotu3289	13	12	12	13	0	6	0	0	3	7	1	1	13	8	5	2
Zotu1085	9	11	3	4	3	2	0	0	5	4	15	17	128	6	7	5
Zotu838	4	0	2	38	5	41	0	20	82	1	0	59	122	0	28	0
Zotu2204	4	5	3	5	3	4	0	0	0	6	7	0	3	5	2	23
Zotu800	23	2	48	92	0	88	0	0	0	0	0	0	0	20	52	0
Zotu3836	2	0	1	4	0	0	0	2	6	0	1	3	7	0	0	0
Zotu3433	1	4	1	7	0	2	0	0	0	1	1	0	0	1	2	0
Zotu4124	3	0	1	3	0	0	0	2	1	0	3	1	1	1	3	1
Zotu3478	5	0	0	2	0	2	0	1	7	1	3	14	14	1	5	0
Zotu2290	1	4	1	2	0	0	0	0	3	10	13	1	5	0	0	30
Zotu1586	5	0	17	34	2	40	0	3	0	0	0	3	1	8	16	1
Zotu1193	3	1	4	4	0	1	0	0	0	0	1	0	0	4	0	152
Zotu1787	8	7	12	6	2	12	0	4	3	7	20	0	11	6	3	9
Zotu3167	2	1	0	1	1	1	0	1	25	2	1	1	3	0	0	1
Zotu2095	6	3	0	30	3	31	0	0	0	1	2	0	0	6	15	0
Zotu4470	3	1	0	2	0	7	0	0	1	6	7	1	1	1	7	1
Zotu3061	3	0	4	9	0	12	0	0	0	0	0	0	0	1	13	51
Zotu1455	1	0	2	17	0	164	0	0	0	0	0	0	1	0	42	0
Zotu3905	5	6	15	2	0	6	0	1	0	11	6	0	2	1	1	1
Zotu2225	4	12	4	0	0	1	0	0	3	8	26	3	35	4	3	1
Zotu1512	3	2	6	59	6	59	0	9	0	2	0	0	0	2	48	1
Zotu110	1	0	0	1	0	0	0	0	0	0	2	0	0	0	0	3011
Zotu889	14	32	46	41	8	50	0	17	4	25	23	7	19	16	24	99
Zotu497	3	36	11	165	0	243	0	0	0	29	0	0	0	2	127	1
Zotu271	6	55	5	12	301	18	0	332	56	59	4	47	145	1	14	14
Zotu3230	5	5	1	1	0	4	0	1	6	2	0	2	9	1	0	1
Zotu2425	3	0	7	28	0	37	0	0	1	0	32	1	5	2	17	0
Zotu3114	10	0	4	0	11	0	0	13	0	1	0	0	1	3	0	0
Zotu2786	3	0	1	0	0	6	0	1	4	1	0	8	34	0	0	2
Zotu1897	7	0	9	21	0	38	0	0	0	0	2	0	1	1	33	0
Zotu1696	7	6	14	8	13	16	0	22	10	4	5	4	14	5	7	11
Zotu2030	1	5	0	34	0	49	0	0	0	8	1	1	3	0	17	0
Zotu3930	2	7	4	3	0	4	0	1	3	5	1	2	3	1	0	0
Zotu4126	3	0	0	6	0	2	0	0	0	1	1	1	1	2	5	0
Zotu2101	2	5	1	11	0	11	0	0	2	1	1	1	3	4	6	8
Zotu542	2	0	3	28	0	23	0	0	0	0	2	0	0	3	22	500
Zotu3248	5	1	19	9	4	3	0	4	1	1	0	0	0	2	6	1
Zotu3330	2	10	2	1	1	2	0	0	3	23	9	4	11	2	0	20
Zotu1580	8	6	0	1	2	2	0	27	26	26	78	55	79	7	1	7
Zotu3498	2	0	1	2	2	4	0	8	6	0	6	6	14	0	2	1
Zotu3201	2	5	0	1	1	0	0	0	10	6	7	7	19	0	1	3
Zotu2546	1	11	3	1	2	3	0	3	2	9	4	2	8	1	0	2
Zotu3337	1	9	44	2	0	5	0	1	0	8	43	0	2	45	2	2
Zotu4023	2	5	6	3	1	2	0	6	4	7	9	1	9	7	0	0
Zotu3475	3	17	4	14	1	6	0	0	5	11	3	1	7	3	3	1
Zotu1364	8	24	4	11	0	10	0	1	26	16	3	34	92	3	26	0
Zotu2706	3	0	0	11	1	21	0	0	0	2	7	0	1	9	15	1
Zotu3929	1	0	1	5	5	14	0	15	0	2	1	0	0	0	2	0
Zotu1929	1	0	0	5	4	4	0	9	8	0	20	0	11	0	2	0
Zotu672	3	0	5	9	0	17	0	0	0	0	3	0	0	8	9	520
Zotu817	9	0	1	2	88	2	0	177	8	1	7	9	17	0	0	0
Zotu3927	2	1	1	3	2	2	0	2	0	1	0	1	6	2	8	0
Zotu3945	4	1	0	1	0	1	0	0	1	0	4	1	4	0	4	0
Zotu2419	7	26	18	7	5	13	0	5	14	14	7	6	38	8	4	19
Zotu3630	3	5	2	0	0	0	0	0	0	4	3	0	0	0	2	0
Zotu3787	2	0	0	0	4	0	0	10	0	0	2	1	1	1	3	0
Zotu1380	9	1	35	73	0	58	0	2	0	1	0	0	0	9	63	0
Zotu1475	7	10	14	8	20	18	0	37	36	1	2	12	41	2	6	12
Zotu1809	3	6	7	3	2	22	0	3	8	7	3	5	17	1	6	6
Zotu2652	3	4	1	3	3	0	0	4	12	3	2	8	49	1	1	2
Zotu3552	3	0	7	22	1	21	0	2	3	0	4	0	12	0	7	0
Zotu1256	2	13	2	1	0	0	0	0	42	16	12	28	46	1	0	0
Zotu3170	5	5	5	4	0	4	0	1	2	3	16	3	3	1	3	7
Zotu1976	2	10	10	2	4	4	0	10	23	26	12	5	12	1	3	15
Zotu2593	8	8	4	6	1	16	0	4	1	14	15	0	6	11	6	21
Zotu3546	2	1	0	2	2	1	0	0	0	4	4	3	5	0	1	0
Zotu2169	2	5	0	2	1	6	0	2	13	5	32	6	6	1	5	1
Zotu2103	7	26	3	38	0	41	0	0	5	28	62	1	6	4	18	2
Zotu1661	1	2	1	22	0	33	0	0	3	9	0	9	13	0	26	0
Zotu3123	10	5	7	11	0	4	0	0	6	6	0	8	0	0	23	0
Zotu3250	3	10	6	0	0	0	0	0	0	12	11	0	1	2	1	9
Zotu2477	4	7	2	6	2	8	0	1	4	2	11	6	14	1	8	3
Zotu2179	8	0	6	6	0	11	0	0	3	0	3	2	7	6	4	1
Zotu4184	2	4	1	2	0	3	0	1	0	3	3	2	3	0	2	4
Zotu1804	6	6	1	14	24	11	0	39	0	3	8	2	5	1	4	6
Zotu4338	3	4	1	3	1	0	0	0	2	11	0	5	1	0	8	0
Zotu3203	3	10	1	0	0	0	0	0	2	6	16	0	0	0	0	0
Zotu4457	2	6	3	14	0	58	0	1	1	0	14	1	4	5	6	2
Zotu3571	11	3	4	0	0	0	0	1	0	4	8	0	1	6	0	72
Zotu3414	1	6	0	2	0	1	0	0	0	2	6	0	3	1	0	15
Zotu4137	1	3	6	7	0	0	0	4	6	5	34	5	10	9	6	3
Zotu1084	5	4	24	14	7	26	0	10	30	8	18	11	55	12	8	1
Zotu4188	5	7	9	9	5	5	0	9	4	3	4	6	18	2	9	9
Zotu1092	1	2	1	68	0	93	0	0	30	0	0	25	71	1	37	0
Zotu981	6	0	3	8	0	20	0	0	0	0	1	0	0	2	4	336
Zotu1470	2	4	0	1	0	0	0	0	5	8	104	3	7	2	0	0
Zotu2344	2	6	16	0	1	3	0	0	7	5	2	14	45	8	3	18
Zotu3542	3	6	5	5	18	15	0	23	2	8	2	1	1	2	5	0
Zotu1794	9	4	4	14	14	11	0	30	8	4	21	9	14	4	13	1
Zotu4009	3	4	0	3	1	6	1	0	1	2	4	1	6	0	1	4
Zotu1258	1	0	8	0	0	1	0	0	22	0	28	21	48	0	0	1
Zotu3572	2	11	18	4	0	2	0	5	0	6	6	2	3	11	4	1
Zotu3531	2	4	5	3	1	7	0	7	2	5	26	3	2	0	4	8
Zotu1950	1	10	7	2	1	3	0	2	3	8	5	2	6	6	1	32
Zotu3554	5	4	15	6	3	15	0	2	11	3	3	1	13	2	12	4
Zotu2470	6	5	1	16	0	19	0	1	3	5	14	9	14	10	11	0
Zotu3953	3	3	0	9	0	12	0	1	0	7	3	0	0	0	14	3
Zotu413	6	67	5	7	2	0	0	4	70	94	280	31	120	4	2	2
Zotu2452	7	1	4	8	5	13	0	11	5	0	3	4	7	3	19	1
Zotu1155	19	56	13	29	3	42	0	0	31	34	122	30	35	10	33	1
Zotu1337	2	36	0	7	3	11	0	6	26	44	36	6	30	0	2	10
Zotu2396	3	0	2	7	0	9	0	0	1	3	9	7	13	2	0	3
Zotu3769	1	19	0	1	0	1	0	0	3	31	0	4	4	0	0	0
Zotu1602	3	40	11	4	2	5	0	1	10	25	37	6	23	6	8	8
Zotu634	1	4	6	5	1	15	0	8	7	6	493	3	15	2	3	1
Zotu3278	2	0	2	4	1	5	0	2	1	3	1	0	2	0	2	13
Zotu965	3	0	3	4	1	1	0	0	0	0	0	1	0	4	4	242
Zotu3706	3	1	8	9	0	11	0	1	1	1	9	1	6	3	1	1
Zotu2528	2	19	0	0	0	0	0	0	0	23	0	0	0	0	1	49
Zotu117	5	28	13	26	13	15	0	24	10	36	1567	3	19	1	18	41
Zotu4013	12	13	11	15	0	12	0	0	0	9	1	0	1	4	7	0
Zotu4154	1	0	5	7	0	8	0	1	2	7	2	0	2	2	5	2
Zotu4149	11	17	10	2	0	0	0	0	0	14	0	0	3	7	1	0
Zotu3441	2	3	2	3	0	9	0	2	1	1	3	0	1	2	6	0
Zotu3406	1	3	0	0	0	0	0	0	4	0	0	7	27	0	0	3
Zotu3072	1	2	6	13	1	25	0	0	1	5	0	0	4	4	8	1
Zotu3235	9	0	5	10	0	10	0	1	4	2	10	0	2	3	2	0
Zotu340	1	334	0	0	0	0	0	1	105	266	0	56	153	0	0	0
Zotu1146	1	20	7	23	4	13	0	18	29	9	69	22	26	1	17	3
Zotu3966	2	0	5	8	0	10	0	0	0	0	0	0	0	1	5	8
Zotu2568	2	3	2	19	13	11	0	11	2	1	1	2	5	1	6	2
Zotu1118	2	1	0	96	0	99	0	0	0	0	0	0	2	1	47	0
Zotu3653	3	11	0	1	0	0	0	0	1	9	0	0	4	1	0	0
Zotu3037	1	2	0	1	0	1	0	0	5	1	2	4	34	0	2	0
Zotu3511	1	5	3	0	1	0	0	4	0	3	47	0	1	1	0	0
Zotu3070	2	1	5	4	0	4	0	2	0	3	6	0	3	1	2	16
Zotu3211	3	2	2	2	0	2	0	2	4	2	2	0	1	0	1	23
Zotu1985	2	0	2	17	8	26	0	11	13	1	51	5	8	2	12	0
Zotu2092	12	11	14	14	3	34	0	3	2	10	13	3	8	4	7	3
Zotu1439	7	1	7	35	4	34	0	12	25	2	7	16	28	1	20	3
Zotu4108	3	4	0	7	4	7	0	6	0	3	1	0	4	1	4	0
Zotu707	7	8	3	0	2	0	0	3	104	3	81	77	207	1	0	4
Zotu1760	7	4	3	4	1	0	0	3	4	41	5	2	3	3	4	4
Zotu2882	1	7	6	0	0	1	0	0	3	14	87	3	3	2	0	0
Zotu2947	3	9	0	4	0	4	0	1	9	10	22	5	22	0	2	0
Zotu887	6	17	7	16	2	8	0	3	14	8	57	19	56	5	26	0
Zotu744	7	4	15	110	0	147	0	0	29	3	44	21	60	5	47	7
Zotu1761	5	33	24	7	0	6	0	1	13	31	16	7	22	10	9	2
Zotu2696	9	11	17	9	6	15	0	6	3	5	6	3	3	5	8	39
Zotu1935	4	37	4	4	0	3	0	0	1	52	1	1	5	2	2	4
Zotu1251	3	0	3	0	0	3	0	3	29	0	2	30	31	0	1	0
Zotu3853	3	2	2	3	0	9	0	1	6	2	8	1	7	3	5	0
Zotu1305	4	14	5	3	3	4	0	8	24	12	33	15	50	3	0	6
Zotu762	5	45	27	23	1	11	0	9	23	62	29	7	48	7	9	10
Zotu1656	1	0	4	5	0	2	0	0	0	2	2	0	0	1	2	78
Zotu1847	6	8	12	11	11	23	0	23	4	1	6	2	13	5	5	8
Zotu3631	5	2	5	28	6	16	0	9	4	2	7	2	4	8	34	0
Zotu641	17	25	6	0	0	1	0	1	116	36	1	34	95	34	2	13
Zotu2356	2	0	0	0	0	0	0	0	15	1	12	21	47	1	0	1
Zotu2714	2	0	3	15	11	25	0	12	1	4	2	0	0	3	12	2
Zotu235	2	0	3	16	5	28	0	7	0	0	9	0	0	3	11	1366
Zotu3530	1	0	0	5	0	3	0	0	0	0	2	0	0	0	1	59
Zotu3938	7	21	0	3	0	2	0	0	2	16	4	2	8	2	2	6
Zotu2885	1	0	3	9	11	27	0	10	0	0	4	0	1	0	21	0
Zotu1051	5	3	2	5	10	7	0	10	11	5	86	14	25	0	10	1
Zotu2562	1	5	19	2	0	3	0	1	10	9	2	5	7	2	0	0
Zotu1138	4	39	15	9	19	24	0	26	7	45	5	8	5	9	12	4
Zotu1227	5	14	10	6	3	4	0	18	39	23	16	14	76	4	3	18
Zotu3685	5	2	5	7	2	10	0	3	0	2	5	0	0	1	4	1
Zotu540	13	58	49	46	1	51	0	0	3	37	241	0	9	4	28	2
Zotu1682	6	0	10	7	16	8	0	41	0	0	7	1	1	11	5	0
Zotu1420	7	0	4	25	0	35	0	0	1	1	4	0	2	3	21	54
Zotu2068	3	0	1	0	0	0	0	0	1	0	36	0	2	1	0	0
Zotu3181	3	3	4	0	0	0	0	0	1	3	6	0	1	1	0	6
Zotu3113	1	0	3	14	0	24	0	0	1	0	0	0	0	0	6	0
Zotu3771	7	1	5	8	0	5	0	0	0	0	1	0	0	2	1	0
Zotu3757	1	2	1	1	0	0	0	0	11	3	1	14	27	0	0	3
Zotu3661	2	0	0	0	0	0	0	0	0	1	1	0	0	0	0	29
Zotu1774	6	76	9	7	0	10	0	2	5	68	14	5	14	6	4	3
Zotu851	1	0	1	2	0	2	0	0	0	0	0	0	0	0	0	326
Zotu3046	2	0	3	10	2	17	0	12	0	0	0	0	0	1	4	1
Zotu4324	9	7	6	1	6	1	0	12	2	2	5	6	3	4	1	0
Zotu2369	10	4	1	33	0	34	0	0	0	2	0	0	0	5	24	0
Zotu4313	1	13	0	0	0	2	0	4	2	7	10	1	4	0	0	1
Zotu2883	3	2	0	1	0	6	0	0	6	3	30	2	6	2	4	0
Zotu2462	3	5	11	5	0	6	0	0	7	4	2	2	9	3	9	0
Zotu3229	3	10	1	0	0	5	0	1	3	11	0	2	9	0	2	0
Zotu951	3	54	15	89	33	111	0	56	0	55	11	1	3	2	86	1
Zotu3091	2	4	4	0	1	0	0	0	4	10	32	2	5	0	0	9
Zotu1922	10	4	26	9	0	9	0	0	0	1	1	0	0	4	6	1
Zotu2904	1	6	4	1	0	0	0	2	0	9	7	0	0	1	1	53
Zotu3367	2	0	2	2	0	0	0	6	0	2	16	0	2	1	1	13
Zotu2837	3	11	31	15	0	9	0	1	0	18	3	0	0	4	8	1
Zotu4172	2	4	1	0	0	1	0	0	0	1	0	0	0	0	4	1
Zotu1765	3	2	20	3	0	1	0	0	56	2	0	18	97	9	1	1
Zotu2640	1	0	0	7	0	8	0	0	0	0	1	0	0	0	4	63
Zotu4245	2	10	2	6	4	11	0	2	2	4	2	0	6	3	3	4
Zotu2731	1	0	3	15	0	13	0	0	0	0	0	0	0	1	14	46
Zotu1923	5	16	11	3	2	2	0	9	23	16	17	38	32	3	3	12
Zotu3420	4	3	8	21	0	21	0	0	1	0	0	0	2	2	16	0
Zotu3541	7	1	4	2	1	5	0	2	3	3	6	0	6	3	3	1
Zotu2446	1	0	7	2	2	5	0	1	5	1	2	6	23	2	1	8
Zotu2676	2	0	0	0	0	2	0	0	0	0	17	0	2	0	1	0
Zotu3963	4	20	0	2	0	5	0	2	5	23	20	0	7	0	6	7
Zotu4410	9	4	6	10	2	12	0	0	2	0	0	2	3	0	21	5
Zotu4399	4	0	12	0	0	0	0	0	0	0	0	0	0	0	2	0
Zotu3074	2	2	10	8	1	10	0	1	6	5	35	6	6	5	1	13
Zotu2236	2	56	0	3	0	3	0	0	2	59	15	0	5	3	4	1
Zotu3557	1	4	0	0	0	1	0	9	7	5	5	1	2	0	0	1
Zotu2799	3	0	4	4	49	3	0	49	2	0	0	2	7	2	0	0
Zotu4317	9	4	2	5	0	3	0	2	0	6	4	1	1	1	2	1
Zotu2636	2	7	6	2	0	2	0	0	4	6	10	2	8	0	1	0
Zotu1414	3	10	10	6	6	2	0	3	52	12	7	3	37	1	6	5
Zotu1228	13	28	58	2	0	4	0	0	33	35	64	16	30	12	2	4
Zotu2057	1	3	3	3	1	6	0	5	27	2	6	4	22	1	0	1
Zotu1239	7	2	17	14	0	9	0	1	1	1	136	2	7	6	32	21
Zotu1818	3	16	3	6	1	2	0	2	12	10	8	8	15	3	3	20
Zotu1739	4	35	0	0	1	0	0	0	4	39	5	14	28	0	1	3
Zotu3719	2	2	0	6	0	7	0	4	0	2	9	0	0	0	10	5
Zotu1161	1	11	2	2	123	1	0	211	0	10	0	0	0	1	3	0
Zotu2584	2	0	1	18	0	21	0	0	0	0	0	0	0	0	26	0
Zotu1630	5	2	12	53	17	53	0	43	9	4	32	6	23	5	28	1
Zotu3392	1	9	0	0	0	0	0	0	0	9	11	0	1	1	0	0
Zotu2049	3	10	4	20	0	20	0	0	1	5	16	0	1	0	18	1
Zotu2331	2	25	3	0	3	1	0	5	8	12	10	9	29	3	0	0
Zotu2839	3	1	1	7	0	14	0	1	2	5	13	0	0	1	22	0
Zotu3538	3	1	3	6	0	3	0	3	2	3	5	0	7	2	1	4
Zotu4075	8	7	4	0	0	2	0	0	4	4	8	1	1	3	0	0
Zotu2282	3	0	0	1	0	0	0	1	1	1	81	4	5	1	0	2
Zotu1995	1	0	2	2	0	2	0	0	0	0	0	0	0	1	1	193
Zotu2241	2	2	6	0	31	0	0	41	1	10	2	0	2	1	0	3
Zotu946	6	0	39	100	0	109	0	0	0	0	0	0	0	13	69	0
Zotu3520	2	1	2	5	0	3	0	3	2	4	0	4	7	0	1	7
Zotu3346	1	0	5	4	0	5	0	1	0	0	10	0	0	6	0	0
Zotu3686	4	3	3	10	0	14	0	0	4	10	13	2	10	4	7	2
Zotu2949	2	5	4	5	1	1	0	0	6	10	4	2	2	0	2	1
Zotu3287	2	2	3	3	1	2	0	6	2	0	5	6	8	2	2	13
Zotu2666	2	3	1	5	0	8	0	0	4	7	1	1	6	1	3	8
Zotu2616	3	2	9	11	2	7	0	0	1	2	5	12	29	0	23	0
Zotu2269	5	1	4	5	7	7	0	8	1	5	4	0	4	3	7	1
Zotu1408	4	0	1	100	5	107	0	6	8	0	0	1	13	6	51	0
Zotu4390	2	12	1	0	0	0	0	1	0	7	0	0	0	2	0	1
Zotu4187	1	4	3	0	1	0	0	2	1	4	2	0	6	2	2	10
Zotu2603	5	2	2	10	1	11	0	4	2	3	1	3	1	1	8	6
Zotu2397	6	2	2	28	0	21	0	0	2	1	0	5	7	0	27	0
Zotu1261	2	21	30	17	3	27	0	5	6	7	35	0	10	13	7	9
Zotu1509	16	6	19	16	3	25	0	23	14	9	9	11	26	7	16	9
Zotu1375	7	2	7	8	2	16	0	7	14	1	20	16	49	0	6	2
Zotu2689	3	3	10	0	3	0	0	5	0	7	25	0	1	1	0	0
Zotu3054	2	2	0	2	0	3	0	0	0	5	28	0	0	4	1	1
Zotu1250	3	1	5	16	0	6	0	0	24	0	40	14	44	0	8	3
Zotu2118	5	2	5	0	0	3	0	0	6	2	30	7	15	5	3	20
Zotu4136	1	3	4	0	2	1	0	2	0	9	55	0	1	5	0	0
Zotu3194	6	8	14	8	5	6	0	2	13	5	11	12	38	8	6	3
Zotu2244	2	0	6	23	6	23	0	2	0	0	0	0	0	3	11	0
Zotu4401	3	0	0	3	3	5	0	4	2	0	6	4	5	0	3	0
Zotu2913	7	1	15	13	5	11	0	3	8	3	3	0	12	5	4	0
Zotu1777	8	24	17	10	2	8	0	10	19	18	9	13	50	8	4	25
Zotu3558	1	1	0	16	0	17	0	0	2	1	0	0	1	0	14	0
Zotu1628	3	6	22	2	2	9	0	3	2	8	7	0	7	6	3	51
Zotu3310	2	1	3	0	0	0	0	0	2	1	4	3	9	0	0	0
Zotu2136	4	1	14	1	0	5	0	3	3	5	39	1	2	16	4	0
Zotu2862	6	6	11	2	0	3	0	0	1	8	10	1	2	3	8	0
Zotu3627	1	15	0	1	0	3	0	0	2	10	1	3	2	0	1	0
Zotu4216	1	0	1	1	9	2	0	11	0	0	0	0	0	0	0	0
Zotu1735	2	3	22	1	5	2	0	5	9	1	3	3	18	17	4	4
Zotu1037	4	7	9	1	0	11	0	0	1	9	174	4	8	3	1	34
Zotu1197	1	0	1	0	0	1	0	0	6	0	0	8	165	0	0	0
Zotu1173	5	15	11	11	1	11	0	3	29	27	25	10	48	6	2	11
Zotu2787	1	17	1	2	0	2	0	0	1	17	3	3	3	0	0	1
Zotu1694	2	25	6	11	0	6	0	0	8	31	0	2	18	2	40	1
Zotu635	5	2	5	13	7	25	0	6	0	3	4	0	0	6	10	701
Zotu2524	6	5	7	7	3	17	0	7	12	7	13	4	21	9	7	12
Zotu3109	1	0	1	1	1	2	0	3	2	3	2	5	11	2	3	1
Zotu2167	4	1	16	3	0	3	0	0	0	8	22	0	0	31	4	2
Zotu2325	3	9	3	3	3	2	0	2	11	9	16	6	6	3	1	3
Zotu4468	3	1	0	3	5	2	0	3	0	2	1	0	1	1	2	0
Zotu4083	1	4	2	0	4	2	0	2	7	3	0	4	9	0	0	4
Zotu2427	3	2	9	4	1	2	0	4	0	4	4	2	3	4	2	11
Zotu3020	4	4	13	19	1	30	0	0	0	3	1	0	4	4	9	4
Zotu4072	3	1	1	0	0	26	0	7	0	3	4	0	0	0	1	0
Zotu191	3	1	11	18	0	12	0	0	0	5	5	0	0	3	12	1483
Zotu1354	9	3	15	9	0	9	0	0	3	3	22	2	5	1	3	8
Zotu2098	2	11	15	16	3	26	0	3	3	20	33	0	0	4	16	3
Zotu3671	7	5	4	9	1	20	0	2	11	5	8	2	10	5	17	11
Zotu1569	1	0	0	63	0	96	0	0	0	0	0	1	0	0	28	0
Zotu1570	3	15	14	2	7	2	0	10	0	4	5	0	0	4	1	13
Zotu4090	1	2	4	0	1	0	0	2	1	2	4	0	3	1	2	0
Zotu1244	10	5	8	37	14	33	0	15	2	8	7	4	2	4	28	0
Zotu1117	6	16	13	4	22	4	0	22	17	12	9	18	73	4	0	4
Zotu1020	6	13	73	2	0	2	0	0	16	4	27	72	1	4	9	3
Zotu2745	6	8	9	13	0	26	0	1	6	2	9	4	12	8	9	4
Zotu2739	1	1	2	0	7	1	0	8	3	0	12	3	9	2	0	0
Zotu4175	1	0	0	0	0	1	0	0	0	0	0	0	0	0	0	30
Zotu3838	1	0	6	11	0	16	0	0	0	0	0	0	0	0	2	0
Zotu4251	4	4	3	7	0	10	0	0	1	14	27	1	9	0	18	0
Zotu1726	8	7	16	8	11	5	0	18	4	8	0	4	14	2	10	0
Zotu2310	1	23	1	2	1	0	0	0	10	23	4	10	14	0	0	0
Zotu2213	1	0	1	1	1	1	0	1	12	2	38	12	36	1	0	1
Zotu4348	4	0	1	2	0	2	0	1	23	0	4	12	33	2	0	10
Zotu1545	2	1	0	8	3	5	0	16	3	1	6	7	11	1	4	5
Zotu2980	4	7	12	7	3	14	0	4	2	5	8	3	10	3	5	14
Zotu997	8	58	11	27	16	17	0	33	7	63	55	5	22	7	9	22
Zotu2871	5	16	9	0	8	4	0	9	6	5	10	4	14	4	0	4
Zotu1122	6	41	24	8	1	6	0	1	7	19	44	5	16	12	3	7
Zotu4465	2	2	5	0	0	4	0	0	0	2	0	0	0	0	0	1
Zotu3168	2	16	2	7	0	4	0	0	0	6	0	0	0	1	8	0
Zotu3345	6	1	8	8	0	10	0	3	10	1	2	0	9	8	9	0
Zotu2288	3	0	4	12	2	16	0	1	1	1	0	0	0	2	7	1
Zotu3112	1	2	3	9	2	11	0	2	0	0	0	0	1	1	5	0
Zotu3679	1	1	6	0	0	3	0	1	15	2	9	10	35	3	0	1
Zotu2217	4	7	1	14	0	18	0	0	1	7	7	2	7	1	17	0
Zotu3526	1	16	4	0	0	0	0	0	3	11	44	0	2	2	0	0
Zotu2891	1	13	6	14	0	9	0	2	2	11	9	6	1	0	9	2
Zotu3408	4	1	1	3	2	15	0	3	0	2	1	0	3	2	4	1
Zotu3955	3	2	13	0	0	2	0	0	0	2	6	0	0	0	0	10
Zotu3758	3	3	4	0	0	0	0	1	1	0	1	0	6	0	0	0
Zotu1377	4	62	32	25	2	27	0	5	5	75	118	2	9	16	6	2
Zotu3002	5	0	1	4	0	6	0	0	3	3	22	12	24	1	3	4
Zotu2365	1	1	2	17	0	32	0	1	1	1	0	0	1	1	15	1
Zotu4150	1	9	1	0	0	3	0	0	1	6	2	2	6	0	2	7
Zotu3901	2	0	4	5	0	3	0	0	2	0	0	4	7	0	3	1
Zotu4034	2	7	1	5	1	5	0	4	3	5	7	1	5	4	3	25
Zotu2995	1	1	5	10	0	5	0	2	7	1	0	10	26	2	7	2
Zotu3492	1	0	3	23	0	24	0	0	0	0	0	0	0	2	11	0
Zotu607	1	2	1	4	4	0	0	3	96	1	17	79	192	4	1	0
Zotu4141	4	2	0	0	2	2	0	0	1	0	5	0	0	0	1	1
Zotu2501	9	24	8	6	0	5	0	0	5	13	59	2	6	5	4	2
Zotu1615	3	0	4	32	0	45	0	0	0	0	9	3	3	4	19	0
Zotu2297	4	16	14	5	2	6	0	1	5	4	8	2	7	6	7	8
Zotu4323	1	2	3	1	1	3	0	2	0	3	0	0	0	1	3	3
Zotu3793	3	5	0	1	0	0	0	0	0	5	47	1	1	0	1	7
Zotu1717	1	7	3	3	1	1	0	14	31	11	6	7	22	2	3	1
Zotu3004	1	2	0	1	1	1	0	0	15	2	9	17	29	1	0	0
Zotu2809	4	0	0	2	0	1	0	0	0	0	0	0	0	0	1	159
Zotu2094	4	4	10	7	2	10	0	4	1	4	6	0	3	3	5	20
Zotu1357	3	21	4	1	24	1	0	43	3	33	7	2	2	2	0	9
Zotu138	2	280	14	486	4	497	0	13	6	380	22	3	6	4	313	0
Zotu1666	8	3	5	40	0	73	0	0	3	3	0	0	1	2	29	2
Zotu3361	2	4	2	6	6	5	0	2	1	1	2	1	2	2	2	1
Zotu2912	1	15	5	10	3	7	0	7	1	12	0	0	2	1	4	2
Zotu3834	1	18	4	5	2	9	0	1	3	11	6	1	2	7	3	31
Zotu3178	1	0	1	4	13	3	0	24	1	0	1	2	7	1	10	3
Zotu2245	3	7	5	4	3	5	0	5	11	9	6	4	16	1	0	4
Zotu3187	4	7	8	11	0	5	0	0	0	4	6	0	2	4	8	0
Zotu3936	10	4	3	0	0	0	0	0	0	5	4	0	0	11	0	2
Zotu2107	4	5	0	3	1	5	0	4	8	4	5	9	6	3	2	15
Zotu3056	3	4	5	4	1	0	0	0	2	4	2	3	3	2	0	7
Zotu649	3	30	1	5	39	8	0	48	2	38	10	2	5	0	13	150
Zotu3801	4	1	12	6	5	9	0	4	0	2	5	0	0	1	5	2
Zotu4109	9	2	16	0	5	0	0	18	3	3	7	6	22	3	0	0
Zotu2440	2	0	0	7	24	8	0	48	0	0	0	2	1	0	4	0
Zotu3822	7	1	6	5	2	18	0	4	5	1	5	1	7	4	6	2
Zotu3935	7	1	8	8	1	21	0	3	4	0	5	0	3	4	2	0
Zotu2610	3	8	12	17	0	18	0	0	0	3	4	0	0	8	9	1
Zotu3462	5	6	0	0	0	0	0	0	6	8	0	1	5	1	0	0
Zotu2833	6	11	10	12	3	19	0	5	13	9	18	4	30	3	12	4
Zotu2465	4	8	3	3	17	2	0	23	5	15	4	7	15	1	2	0
Zotu3300	5	3	10	0	0	0	0	0	3	6	14	1	7	4	0	6
Zotu3615	3	0	4	14	4	7	0	4	0	0	0	0	2	2	4	4
Zotu2678	4	2	1	2	0	5	0	2	7	1	2	1	4	0	1	1
Zotu3418	2	7	0	21	0	19	0	0	20	23	0	13	59	1	13	0
Zotu2687	3	1	8	0	20	0	0	21	2	1	6	2	7	0	1	3
Zotu2863	3	4	18	11	1	13	0	3	2	11	7	1	7	3	15	1
Zotu3402	2	2	1	3	0	9	0	0	11	0	8	12	39	1	1	4
Zotu2323	1	3	0	0	1	0	0	5	3	2	55	6	19	0	0	33
Zotu2005	1	0	3	29	18	37	0	40	0	0	0	0	0	0	29	0
Zotu1546	3	10	5	1	1	0	0	1	6	7	63	11	11	3	0	1
Zotu3232	6	2	4	3	0	10	0	2	5	4	6	1	2	2	4	0
Zotu2198	2	4	10	14	4	18	0	4	6	10	9	0	1	3	7	15
Zotu2974	3	9	2	1	1	3	0	3	10	14	7	11	49	1	3	1
Zotu2797	2	10	1	0	1	0	0	1	8	4	26	16	30	0	0	11
Zotu2854	1	3	2	3	0	2	0	3	4	3	2	3	0	3	0	1
Zotu4340	5	0	8	9	0	7	0	4	0	0	0	0	0	1	6	0
Zotu3690	4	3	7	4	0	6	0	0	1	0	3	12	27	3	12	1
Zotu4178	1	9	2	0	0	0	0	2	0	7	2	0	2	1	0	0
Zotu3649	6	0	2	1	3	4	0	5	11	0	2	9	5	1	7	0
Zotu3219	7	7	10	2	3	2	0	0	10	5	8	21	4	1	15	1
Zotu3099	2	2	3	5	0	7	0	0	2	0	8	2	10	1	6	1
Zotu4376	7	0	2	3	2	4	0	2	4	0	8	2	1	0	3	1
Zotu4425	4	1	5	1	0	7	0	0	3	3	5	1	1	3	0	7
Zotu952	3	1	4	12	1	34	0	0	49	4	5	38	88	1	9	0
Zotu2108	5	2	2	15	0	20	0	0	4	0	1	1	8	4	8	5
Zotu1600	2	0	2	0	6	0	0	10	3	3	101	6	5	0	0	36
Zotu4153	3	5	4	0	1	4	0	1	2	1	2	1	6	3	7	1
Zotu3608	2	4	3	0	0	2	0	3	4	4	4	0	12	1	2	2
Zotu1939	2	25	1	0	0	1	0	0	3	24	57	1	6	1	0	9
Zotu1653	3	0	1	74	0	57	0	0	0	0	0	0	0	1	46	1
Zotu1862	5	0	24	13	12	8	0	17	6	4	30	6	7	4	9	8
Zotu1399	6	7	12	1	0	0	0	0	6	6	68	16	19	5	1	6
Zotu4212	5	13	3	4	0	4	0	0	0	19	3	2	1	3	1	0
Zotu1907	1	27	4	0	3	3	0	0	5	9	0	5	8	0	0	2
Zotu1544	5	20	0	16	5	18	0	12	0	19	0	0	0	1	11	3
Zotu4439	2	0	4	3	0	1	0	0	0	0	1	0	0	4	0	72
Zotu4060	1	0	5	4	0	3	0	1	0	1	1	0	1	1	2	0
Zotu2595	3	2	3	0	2	1	0	3	12	4	10	13	13	0	3	0
Zotu4201	2	4	3	3	0	1	0	0	1	2	2	0	1	1	2	1
Zotu1582	3	11	22	18	0	15	0	0	10	9	30	5	22	7	8	3
Zotu1302	2	0	2	4	0	6	0	0	0	0	3	0	0	1	2	235
Zotu1746	2	4	0	0	1	0	0	0	9	2	17	8	16	1	1	66
Zotu2277	1	1	2	6	0	5	0	0	0	1	0	0	0	4	3	118
Zotu4448	5	0	2	0	0	0	0	0	0	1	2	0	4	3	0	9
Zotu2363	1	11	2	19	0	19	0	2	0	24	1	0	2	0	7	3
Zotu928	2	6	0	14	0	10	0	0	1	0	0	0	0	0	6	335
Zotu3007	1	9	1	0	9	0	0	1	5	14	6	7	11	0	0	1
Zotu3298	4	0	6	7	0	7	0	0	0	0	1	0	0	9	5	155
Zotu3323	2	0	3	7	5	1	0	1	1	0	0	0	2	1	34	0
Zotu4347	5	3	5	2	1	7	0	0	0	0	1	1	0	3	1	8
Zotu4010	1	1	3	0	0	0	0	0	0	0	2	0	0	0	0	0
Zotu2869	3	10	4	7	2	10	0	4	3	12	21	5	8	2	7	0
Zotu3152	1	0	0	4	0	6	0	0	1	0	2	0	6	0	3	13
Zotu3008	2	5	2	4	2	13	0	12	4	1	2	2	1	6	7	6
Zotu1968	8	3	1	0	0	2	0	0	22	2	25	19	43	0	1	1
Zotu3146	1	0	6	0	0	0	0	0	14	0	5	10	24	5	0	0
Zotu4328	2	3	6	0	4	3	0	2	3	11	14	3	6	0	2	31
Zotu2586	4	6	4	0	0	1	0	0	32	11	15	4	15	3	4	8
Zotu1849	1	0	0	4	2	4	0	0	0	0	2	0	0	0	4	110
Zotu4039	3	1	4	5	0	8	0	0	0	1	4	1	0	5	6	2
Zotu1303	1	3	4	2	11	0	0	12	11	1	13	89	3	0	18	1
Zotu4191	6	2	5	2	1	10	0	1	2	1	7	2	2	1	3	0
Zotu2810	9	5	2	3	4	8	0	4	2	8	6	1	2	2	6	0
Zotu3364	3	0	7	6	1	2	0	0	1	0	4	0	2	5	0	1
Zotu2336	1	4	1	0	0	2	0	1	4	4	8	3	10	2	0	1
Zotu3247	4	2	1	7	2	13	0	3	5	3	7	4	6	5	7	0
Zotu3805	1	1	0	5	0	5	0	0	0	0	0	0	0	0	0	118
Zotu3067	3	2	2	1	1	3	0	0	0	0	1	0	0	1	2	53
Zotu1047	5	7	0	0	0	0	0	0	40	4	149	29	54	1	0	0
Zotu3266	2	3	8	0	0	0	0	0	0	5	1	0	0	6	0	0
Zotu2945	1	0	1	0	0	0	0	0	0	0	0	0	0	0	0	37
Zotu1622	3	0	11	30	29	18	0	31	2	0	3	0	2	1	16	6
Zotu2828	2	9	7	4	8	2	0	6	8	13	8	4	12	4	1	1
Zotu4229	1	1	7	10	3	15	0	4	7	2	11	1	9	6	6	2
Zotu3380	4	2	0	3	2	0	0	1	0	1	0	0	0	0	2	1
Zotu4352	1	4	16	6	2	5	0	0	1	19	19	0	4	0	1	1
Zotu3377	3	0	0	0	10	0	0	14	0	0	1	0	0	0	0	1
Zotu2801	2	1	0	0	0	0	0	0	1	0	24	2	2	3	0	0
Zotu3634	4	3	9	9	3	6	0	2	3	5	7	0	1	2	7	34
Zotu3893	4	4	9	3	0	6	0	1	0	3	3	0	0	5	2	3
Zotu3084	2	6	2	0	1	2	0	0	8	0	2	5	15	6	3	3
Zotu3024	6	3	5	7	1	4	0	1	1	0	1	2	4	7	4	7
Zotu3669	2	3	3	0	0	4	0	0	1	9	8	1	6	3	1	1
Zotu1854	1	0	1	18	0	37	0	0	0	0	2	0	0	4	23	0
Zotu2667	3	2	14	4	1	3	0	0	9	0	0	2	16	4	9	6
Zotu1372	6	14	9	9	4	20	0	0	2	12	8	1	4	5	7	38
Zotu3549	1	0	1	10	0	12	0	0	0	0	0	0	0	0	3	2
Zotu2298	3	0	2	1	4	2	0	6	2	1	16	4	8	0	1	0
Zotu3727	3	2	5	7	1	5	0	0	0	0	1	0	1	3	5	0
Zotu1762	1	3	1	47	2	61	0	4	1	2	5	0	1	2	22	0
Zotu3561	2	2	6	3	0	10	0	4	1	0	3	0	2	1	10	1
Zotu2768	2	2	0	27	0	29	0	0	0	0	0	0	0	1	34	1
Zotu1469	1	6	9	8	0	8	0	1	9	5	25	8	32	0	7	1
Zotu3991	2	2	3	16	8	25	0	31	1	3	6	1	3	1	8	0
Zotu303	2	58	1	436	7	381	0	36	0	91	1	0	0	1	237	0
Zotu959	2	5	8	79	1	120	0	1	1	7	73	2	8	1	79	0
Zotu704	5	39	3	52	0	47	0	0	56	27	48	51	107	5	46	6
Zotu2506	4	0	4	19	0	22	0	0	0	0	0	0	0	2	22	1
Zotu1927	1	4	0	1	0	1	0	0	0	0	122	0	0	1	0	0
Zotu90	3	344	5	602	83	616	0	189	1	445	2	2	5	3	302	19
Zotu3066	2	8	12	6	3	18	0	12	3	2	6	1	5	3	3	9
Zotu3459	3	3	7	9	1	2	0	0	4	4	1	1	9	3	3	0
Zotu1152	4	6	2	34	10	57	0	19	7	13	14	4	14	1	51	46
Zotu3947	3	5	4	2	1	3	0	1	0	1	0	1	2	1	0	8
Zotu1395	1	8	0	0	3	0	0	1	13	15	55	31	39	1	0	4
Zotu954	3	0	2	59	0	70	0	0	0	0	0	0	0	0	128	0
Zotu2648	4	7	20	1	1	4	0	1	5	6	15	3	13	5	0	3
Zotu1517	4	11	10	10	3	7	0	9	10	6	6	4	24	12	3	15
Zotu1721	5	4	16	18	1	19	0	1	1	9	10	2	8	1	5	6
Zotu2649	5	0	9	5	20	4	0	16	0	0	37	0	0	4	8	0
Zotu4121	1	9	7	0	0	0	0	0	6	5	6	2	13	8	0	2
Zotu703	11	40	10	12	52	9	0	75	20	28	14	14	50	4	14	2
Zotu4254	2	0	6	6	5	9	0	1	4	0	4	6	0	3	5	0
Zotu2633	3	11	2	2	0	1	0	0	0	11	1	5	32	1	4	0
Zotu3079	2	1	2	1	5	1	0	2	7	1	2	7	17	1	3	0
Zotu2079	2	1	1	1	2	3	0	0	18	0	3	13	20	1	0	52
Zotu924	1	0	0	0	0	1	0	0	0	0	0	0	0	0	0	310
Zotu4380	1	1	1	0	2	2	0	0	9	2	0	3	4	0	0	1
Zotu1697	2	5	37	5	0	9	0	3	2	10	31	1	3	38	7	4
Zotu3786	3	3	5	1	0	2	0	0	6	0	2	0	2	1	3	0
Zotu3376	4	0	0	4	9	1	0	15	0	0	0	0	0	5	2	4
Zotu1573	1	19	4	1	0	0	0	0	30	12	54	28	58	3	0	5
Zotu1238	1	16	12	0	0	0	0	1	26	7	46	15	46	2	0	28
Zotu1196	3	13	19	1	3	5	0	6	1	14	99	0	1	24	0	2
Zotu3832	2	3	2	0	2	2	0	2	7	0	3	3	21	2	0	4
Zotu3399	5	10	5	2	0	1	0	0	6	3	8	5	12	4	1	0
Zotu1737	3	15	8	22	0	32	0	1	7	22	1	3	15	2	12	0
Zotu4308	4	13	5	4	0	13	0	2	0	0	0	0	0	2	1	1
Zotu2223	2	8	2	2	2	1	0	3	13	10	10	4	15	12	1	6
Zotu1324	5	0	0	2	30	0	0	132	1	0	5	6	7	1	1	6
Zotu560	2	0	1	42	91	46	0	180	18	0	0	22	45	0	36	8
Zotu2549	1	1	9	4	3	7	0	6	25	0	8	40	25	1	7	0
Zotu1867	2	0	2	50	0	59	0	1	0	0	1	0	2	1	21	3
Zotu4057	2	1	1	3	0	4	0	0	5	0	7	5	6	1	5	7
Zotu1811	7	25	30	1	0	2	0	0	1	35	1	1	2	2	1	10
Zotu3582	3	2	1	4	10	2	0	10	5	1	0	3	0	2	6	0
Zotu3842	2	0	7	2	2	6	0	1	0	1	0	0	0	1	2	0
Zotu1468	3	17	15	3	2	4	0	1	17	20	14	9	21	1	2	23
Zotu2726	3	0	4	11	1	13	0	1	1	1	2	4	5	0	9	2
Zotu3244	3	4	12	1	1	5	0	1	3	3	5	0	1	2	2	2
Zotu2376	1	0	0	1	0	8	0	0	0	0	0	0	0	0	0	133
Zotu3765	1	0	8	4	0	6	0	0	1	1	0	2	4	4	2	0
Zotu2530	4	0	6	22	0	9	0	2	0	0	0	1	5	2	6	0
Zotu3652	2	4	7	7	0	2	0	0	3	4	9	0	5	2	0	0
Zotu4243	4	1	12	19	1	12	0	8	0	2	0	0	0	3	9	1
Zotu3820	2	2	2	0	0	2	0	2	6	8	8	5	13	6	3	1
Zotu1488	1	32	0	4	0	6	0	0	18	24	18	17	30	0	4	1
Zotu1112	7	11	30	1	0	2	0	9	1	19	128	1	5	25	1	4
Zotu3188	7	5	9	7	1	9	0	2	2	7	2	0	4	6	3	7
Zotu3362	2	5	1	4	1	4	0	7	7	1	7	5	20	2	1	0
Zotu3117	3	0	0	0	1	1	0	0	0	0	5	0	1	5	0	1
Zotu1857	2	0	4	0	0	5	0	2	2	35	44	2	3	2	6	1
Zotu857	1	0	3	89	0	110	0	0	0	0	0	0	0	0	70	0
Zotu4407	1	1	2	3	2	2	0	1	1	0	1	1	3	2	1	6
Zotu316	5	12	12	31	327	28	0	358	24	8	0	13	24	0	54	0
Zotu845	8	5	23	111	1	185	0	2	1	8	18	1	10	8	109	1
Zotu3491	2	2	3	6	0	18	0	0	1	1	13	0	1	5	6	0
Zotu1993	1	0	2	0	0	0	0	0	11	3	9	18	25	0	1	0
Zotu2041	1	2	3	8	4	4	0	6	18	0	23	13	2	0	9	0
Zotu2157	5	6	0	3	1	2	0	2	8	5	0	9	51	0	0	0
Zotu1975	2	10	10	35	1	35	0	0	2	18	0	1	0	3	18	2
Zotu2536	3	1	0	10	0	8	0	0	22	3	1	17	27	0	11	0
Zotu4143	3	0	4	3	2	1	0	22	0	0	3	0	1	5	0	0
Zotu1168	1	0	4	8	0	6	0	0	0	1	1	0	0	1	5	217
Zotu3668	1	4	1	1	1	5	0	0	1	5	19	1	6	1	8	1
Zotu1595	2	9	5	3	10	1	0	9	2	5	42	2	8	1	0	3
Zotu3744	3	0	2	9	0	12	0	0	0	0	0	0	1	1	11	0
Zotu2896	2	0	3	7	1	10	0	1	0	0	0	0	1	1	6	0
Zotu4441	1	0	3	0	0	0	0	0	0	0	0	1	2	1	0	0
Zotu3637	2	0	0	0	0	0	0	0	0	0	0	0	0	0	0	27
Zotu2621	3	2	2	1	0	0	0	0	1	2	2	7	22	1	0	0
Zotu3732	3	5	13	2	3	14	0	3	2	1	11	1	6	9	4	1
Zotu3469	2	7	3	2	3	4	0	1	0	10	10	2	3	3	1	0
Zotu1444	1	106	0	0	0	0	0	0	0	128	4	1	4	0	0	0
Zotu2017	2	5	3	14	1	5	0	0	2	8	5	2	1	0	17	0
Zotu2318	7	30	19	12	7	5	0	6	16	21	18	13	38	6	4	5
Zotu3085	2	2	3	12	0	21	0	0	0	1	1	0	0	1	2	0
Zotu2794	1	2	4	1	3	2	0	5	13	2	9	9	7	2	1	9
Zotu1709	5	14	2	15	35	23	0	48	8	4	0	1	8	0	6	0
Zotu3967	4	4	6	7	1	8	0	2	4	6	7	0	5	3	1	19
Zotu3591	2	0	8	0	12	5	0	19	0	0	0	0	0	2	2	0
Zotu396	1	0	4	6	0	8	0	0	1	0	1	0	0	2	4	783
Zotu3273	1	4	1	22	6	37	0	9	0	2	1	1	3	0	20	0
Zotu3342	3	3	7	0	9	2	0	21	2	2	0	0	1	3	1	9
Zotu4331	3	5	0	5	0	2	0	0	3	7	1	5	11	0	1	1
Zotu3479	3	4	6	0	0	3	0	0	1	6	19	0	2	1	1	0
Zotu4304	2	0	1	5	1	8	0	1	0	1	1	0	2	1	3	6
Zotu1612	4	3	3	14	55	18	0	50	2	1	0	5	2	5	7	24
Zotu3477	1	0	3	4	0	3	0	0	5	5	6	1	6	0	6	0
Zotu3137	1	0	1	2	1	7	0	1	0	0	2	0	0	1	16	0
Zotu3846	1	0	0	3	0	0	0	0	0	0	0	0	0	0	1	42
Zotu3352	1	3	0	0	0	0	0	0	13	0	16	9	23	0	0	6
Zotu3620	4	6	4	9	0	4	0	0	4	2	27	5	7	4	6	6
Zotu2184	9	8	34	6	0	7	0	0	0	10	1	2	6	12	4	0
Zotu3621	1	0	4	1	0	2	0	0	0	0	0	0	0	2	1	54
Zotu4258	2	7	1	2	0	3	0	0	2	3	6	1	0	1	2	2
Zotu3700	1	5	0	6	0	2	0	2	0	3	0	0	0	2	6	0
Zotu3556	3	5	11	8	1	8	0	8	3	9	3	2	8	1	6	13
Zotu2757	1	0	7	10	0	25	0	0	1	3	3	1	0	1	17	0
Zotu3778	1	3	0	0	4	1	0	6	5	4	8	4	5	2	1	13
Zotu1058	3	0	10	69	5	31	0	11	5	0	0	7	21	3	53	0
Zotu2537	7	15	5	27	0	22	0	0	0	9	49	0	0	8	15	3
Zotu692	4	17	13	69	0	71	0	1	0	18	3	0	0	3	32	431
Zotu1135	1	0	1	7	0	21	0	0	0	0	2	0	0	2	11	159
Zotu4260	1	0	0	6	1	6	0	1	3	1	0	0	2	0	2	0
Zotu1844	5	1	5	21	0	16	0	0	4	0	4	3	11	2	19	0
Zotu4346	1	0	1	1	16	0	0	22	1	0	0	0	0	0	3	0
Zotu1828	5	1	2	66	0	104	0	0	0	0	26	1	0	1	41	1
Zotu1222	1	12	3	13	38	15	0	50	2	11	2	1	8	3	12	34
Zotu4106	1	9	1	0	2	1	0	4	17	2	19	4	43	3	1	3
Zotu1333	3	1	6	26	9	28	0	12	6	0	28	4	7	3	20	0
Zotu1530	7	3	19	7	22	7	0	24	9	5	14	25	4	6	13	4
Zotu3760	4	2	7	12	5	18	0	2	0	3	1	0	3	2	10	3
Zotu3798	1	0	4	1	1	10	0	1	4	0	3	1	5	1	1	0
Zotu3136	3	6	4	0	0	2	0	1	12	6	5	2	2	1	1	3
Zotu1910	1	2	10	16	12	26	0	21	1	7	4	1	3	1	2	2
Zotu4362	1	0	8	4	0	6	0	0	0	0	0	0	0	2	7	0
Zotu730	1	2	0	1	204	0	0	265	1	3	0	0	0	1	1	2
Zotu2125	1	10	1	0	0	0	0	0	8	10	4	7	31	0	0	0
Zotu2826	1	15	3	1	3	3	0	0	7	13	3	7	25	0	1	3
Zotu2210	4	1	4	8	0	11	0	2	8	0	31	5	16	9	4	3
Zotu858	2	0	0	4	0	4	0	0	0	1	0	0	0	0	2	339
Zotu2231	1	0	1	1	0	0	0	0	4	2	4	11	95	0	0	3
Zotu2407	2	8	2	0	4	5	0	6	5	7	5	14	23	0	2	8
Zotu2132	5	0	4	18	0	36	0	1	0	1	19	0	0	1	19	9
Zotu2175	2	6	21	6	0	4	0	3	6	15	34	5	6	8	0	0
Zotu4271	3	3	13	14	1	13	0	2	2	8	4	3	3	4	9	1
Zotu2940	2	2	1	19	0	33	0	0	0	4	0	0	0	0	13	3
Zotu1567	1	7	1	3	0	4	0	0	0	12	1	0	0	0	4	138
Zotu2024	1	0	1	11	1	7	0	0	4	2	33	7	17	0	6	0
Zotu2656	4	9	9	12	0	9	0	2	1	10	1	1	0	4	5	20
Zotu1744	2	3	2	2	2	0	0	1	1	0	1	0	2	4	2	39
Zotu2476	1	3	4	15	9	19	0	10	7	3	20	2	9	3	14	3
Zotu3855	1	4	5	10	0	5	0	3	1	5	5	0	3	3	2	10
Zotu2097	2	4	0	2	0	3	0	0	7	7	8	9	76	0	0	0
Zotu514	1	0	1	14	0	5	0	0	0	0	0	0	0	1	4	599
Zotu61	1	7	6	1361	0	1727	0	1	0	5	4	1	0	1	960	2
Zotu2272	4	2	7	8	1	5	0	2	1	5	2	0	5	7	3	37
Zotu3696	1	0	0	2	0	3	0	0	0	0	0	0	0	0	0	90
Zotu2920	1	2	4	18	0	11	0	0	1	2	3	1	2	2	12	0
Zotu2946	1	21	0	2	0	1	0	0	1	16	0	4	8	0	5	1
Zotu3588	2	13	2	7	0	14	0	0	2	29	25	0	1	0	6	3
Zotu2571	5	0	3	0	0	0	0	1	13	3	21	7	25	2	0	3
Zotu3645	2	0	2	3	18	3	0	22	0	0	0	0	0	0	3	0
Zotu1076	3	27	14	1	4	0	0	4	18	15	12	25	66	5	0	8
Zotu2263	5	0	6	10	4	19	0	8	0	0	7	0	2	4	7	0
Zotu1799	1	26	3	0	0	0	0	0	32	17	1	13	50	0	0	1
Zotu2951	1	5	3	3	1	0	0	6	16	4	7	3	21	1	2	0
Zotu1429	2	6	1	6	1	9	0	4	8	9	6	8	48	1	6	5
Zotu1401	6	0	14	7	6	4	0	3	8	5	15	9	26	5	4	0
Zotu2743	5	2	3	6	0	10	0	1	0	10	1	0	4	1	5	1
Zotu3434	1	0	0	0	0	0	0	0	0	0	1	0	0	0	0	46
Zotu2751	1	4	15	11	0	13	0	8	0	4	18	0	2	0	4	5
Zotu2279	5	11	8	13	16	8	0	12	0	2	1	0	2	1	13	1
Zotu4128	2	30	3	6	8	7	0	18	4	22	0	2	8	1	3	0
Zotu4152	1	2	1	0	0	0	0	0	14	0	4	1	3	0	1	0
Zotu4359	2	0	1	0	10	0	0	13	3	1	1	4	13	0	1	1
Zotu4247	3	16	0	1	1	1	0	9	7	13	8	2	14	2	1	1
Zotu3891	2	0	2	2	0	11	0	4	1	1	2	0	3	1	4	4
Zotu3512	2	1	16	6	0	5	0	2	0	1	0	0	0	1	6	0
Zotu2216	2	20	0	4	14	7	0	23	1	21	0	1	0	0	2	0
Zotu4349	2	0	3	6	2	7	0	0	0	6	5	0	0	0	0	0
Zotu1900	1	0	3	7	0	15	0	0	0	0	1	1	1	3	0	87
Zotu1032	1	0	1	16	0	11	0	1	102	2	7	69	120	1	13	1
Zotu1946	3	4	17	5	26	1	0	42	2	6	7	0	1	5	6	2
Zotu4367	2	0	2	11	2	14	0	0	1	1	2	0	0	3	1	2
Zotu2526	3	32	4	1	0	1	0	0	2	22	4	4	6	3	2	5
Zotu743	1	5	3	142	19	120	0	41	0	1	1	1	0	0	136	0
Zotu4332	1	0	4	1	0	8	0	1	1	1	10	0	0	0	2	0
Zotu2268	1	1	0	2	24	1	0	27	0	0	1	0	0	0	30	1
Zotu870	1	1	0	129	0	135	0	0	1	0	1	0	0	0	86	0
Zotu3731	1	4	1	0	0	0	0	0	6	7	0	4	7	0	0	0
Zotu2966	1	0	0	2	0	1	0	0	1	1	0	2	32	0	1	0
Zotu2982	4	18	1	5	0	3	0	0	8	12	6	5	11	3	2	0
Zotu3044	1	1	4	6	0	9	0	0	0	3	4	0	2	3	5	9
Zotu3197	2	1	2	0	0	0	0	0	3	6	7	2	6	0	0	0
Zotu2681	2	0	4	7	7	6	0	14	1	2	2	1	1	0	6	1
Zotu1007	2	1	0	3	0	10	0	0	0	0	0	0	0	1	0	280
Zotu3988	2	8	2	5	0	5	0	0	2	9	4	5	0	3	5	1
Zotu4069	3	3	2	1	0	0	0	1	6	3	8	1	8	1	1	2
Zotu701	3	3	0	0	91	0	0	169	0	7	1	0	0	0	1	24
Zotu2249	1	16	4	2	2	9	0	4	2	16	2	0	1	1	1	13
Zotu3195	1	13	2	3	0	3	0	0	0	9	3	3	0	1	0	1
Zotu3439	1	2	0	0	0	2	0	10	0	0	25	0	0	0	0	5
Zotu21	1	508	3	61	1385	86	0	3436	14	615	583	6	23	2	33	0
Zotu377	1	10	22	362	0	353	0	1	0	8	1	0	1	3	263	1
Zotu982	3	0	0	1	88	7	0	105	0	2	0	0	0	1	4	0
Zotu2990	1	0	2	18	0	14	0	0	5	0	0	0	1	1	9	0
Zotu3264	1	6	9	4	3	8	0	9	2	5	9	2	7	2	2	8
Zotu2072	1	0	3	0	0	0	0	1	2	2	4	2	19	0	0	50
Zotu4281	4	1	10	2	25	4	0	22	2	5	2	2	9	4	1	1
Zotu3810	2	6	2	19	0	13	0	0	0	4	1	3	0	0	14	0
Zotu2564	1	10	1	0	0	0	0	3	3	10	62	0	3	0	0	0
Zotu146	1	6	1	683	38	800	0	74	1	15	0	1	3	1	419	0
Zotu770	4	84	10	1	21	1	0	21	3	164	11	7	5	1	0	7
Zotu3718	2	0	0	1	11	0	0	22	15	2	27	32	10	0	7	3
Zotu3026	1	0	0	5	15	4	0	23	2	2	8	4	8	0	5	0
Zotu3728	1	5	2	0	3	0	0	6	15	8	2	8	15	0	0	3
Zotu1846	1	0	1	17	0	28	0	0	4	0	14	4	7	0	14	0
Zotu2122	2	1	10	10	4	11	0	7	0	1	0	0	2	5	7	2
Zotu2350	2	0	2	0	3	0	0	4	4	0	3	13	82	0	0	3
Zotu2759	1	20	1	0	5	3	0	10	13	19	7	5	10	0	0	12
Zotu3626	1	19	0	0	0	0	0	0	8	12	0	6	5	0	0	0
Zotu3752	2	2	1	1	0	7	0	4	2	0	3	0	2	1	0	6
Zotu1731	3	9	3	3	6	4	0	27	9	7	33	5	7	1	7	0
Zotu4063	2	0	1	2	0	1	0	0	0	0	0	0	0	0	0	59
Zotu4467	2	11	5	2	2	4	0	0	8	12	21	3	13	3	5	11
Zotu3544	2	6	3	2	3	4	0	0	0	15	7	1	2	2	5	0
Zotu1641	3	2	4	0	53	1	0	91	0	0	5	0	3	2	0	0
Zotu2710	1	1	0	9	0	4	0	0	0	2	26	0	2	0	4	4
Zotu2460	2	1	1	3	13	1	0	24	29	2	4	19	52	3	4	2
Zotu1190	1	51	2	0	0	0	0	0	0	51	135	0	0	0	0	0
Zotu4447	2	6	0	1	0	1	0	0	0	1	1	0	1	0	0	4
Zotu843	1	16	32	3	1	7	0	2	0	45	168	0	1	32	8	1
Zotu1814	2	1	0	4	1	1	0	1	15	1	0	6	53	0	2	1
Zotu4297	1	1	4	2	0	3	0	1	1	3	2	0	14	1	1	1
Zotu3841	2	9	0	0	0	0	0	0	1	2	0	0	5	1	1	0
Zotu1997	4	8	12	37	0	36	0	0	3	11	12	3	6	6	26	0
Zotu3234	2	5	3	0	4	1	0	3	11	1	8	4	20	2	0	1
Zotu2793	2	0	2	9	0	11	0	0	1	0	0	0	0	4	6	2
Zotu2853	1	0	1	0	1	3	0	0	4	5	2	17	16	0	0	3
Zotu4428	2	0	0	1	0	6	0	2	5	3	4	1	6	2	4	0
Zotu3140	1	6	4	7	0	10	0	1	2	9	11	1	2	0	4	1
Zotu1317	2	3	1	17	0	21	0	0	10	1	27	9	19	1	27	1
Zotu3110	3	8	12	32	0	44	0	4	0	14	1	0	0	2	24	5
Zotu2901	3	0	2	8	10	10	0	27	7	0	7	6	10	1	2	0
Zotu3028	5	0	4	20	0	18	0	3	0	1	2	0	0	0	13	0
Zotu2457	1	3	2	1	3	0	0	1	1	1	11	3	4	1	1	1
Zotu3155	1	1	0	3	3	9	0	3	8	2	18	5	6	0	5	0
Zotu2284	2	2	7	4	2	5	0	1	0	1	7	0	0	1	2	10
Zotu3973	1	1	2	0	0	0	0	0	0	3	4	0	1	0	0	0
Zotu1435	2	41	5	1	6	1	0	13	0	55	28	0	1	2	1	0
Zotu3183	1	0	0	3	0	0	0	0	0	0	2	0	0	0	1	21
Zotu3550	1	0	6	0	0	0	0	1	0	0	1	2	5	3	0	3
Zotu2777	4	2	8	3	0	3	0	3	1	3	2	0	1	4	2	19
Zotu3130	1	5	1	0	4	0	0	2	0	0	3	1	9	0	0	6
Zotu2671	4	5	4	2	1	3	0	3	1	13	9	0	1	0	4	22
Zotu2129	1	0	4	26	3	41	0	17	0	0	0	0	0	3	13	0
Zotu2785	1	0	3	13	13	26	0	25	23	1	6	20	37	1	10	1
Zotu3586	1	0	0	0	9	2	0	6	2	4	4	1	2	0	0	0
Zotu2286	1	0	2	1	0	3	0	0	0	0	1	0	0	1	0	122
Zotu4451	3	0	2	12	6	12	0	8	0	0	0	0	0	2	9	0
Zotu3551	2	5	4	5	0	10	0	0	0	9	25	1	0	1	6	3
Zotu3307	1	12	5	2	5	3	0	2	8	7	3	10	11	0	2	1
Zotu3164	2	1	2	0	1	7	0	1	1	5	0	0	0	1	2	22
Zotu3385	1	1	4	0	8	0	0	10	4	5	2	0	13	0	0	0
Zotu3791	1	0	2	6	0	4	0	0	1	0	0	0	0	0	0	162
Zotu2961	2	0	0	8	3	7	0	2	1	0	0	0	6	1	6	1
Zotu1541	2	14	4	2	9	6	0	23	9	26	6	0	18	2	0	8
Zotu4412	1	0	0	0	0	0	0	0	0	0	0	0	0	0	0	59
Zotu57	2	2	4	120	1182	201	0	1910	0	0	1	1	3	0	97	0
Zotu3116	1	2	2	0	0	0	0	0	1	5	15	0	0	1	0	0
Zotu3995	2	1	0	2	0	1	0	0	3	4	1	2	3	0	0	5
Zotu2749	3	2	0	2	0	4	0	2	13	5	3	4	14	3	2	3
Zotu3665	2	5	14	9	6	19	0	14	3	3	4	3	8	6	9	13
Zotu4210	1	1	0	2	2	0	0	5	5	5	1	1	7	1	5	0
Zotu3335	1	0	3	12	0	9	0	0	0	0	0	0	2	0	5	0
Zotu4314	1	0	7	2	0	1	0	0	0	2	1	0	0	0	2	2
Zotu1335	1	0	1	1	0	1	0	0	6	1	201	3	7	0	0	2
Zotu2022	2	6	0	0	6	0	0	2	32	2	12	18	53	2	0	4
Zotu3533	1	0	2	4	1	9	0	0	0	0	0	0	0	1	9	0
Zotu3548	2	7	1	3	4	3	0	9	4	5	0	2	5	0	0	0
Zotu3417	3	9	4	2	0	2	0	2	6	29	11	5	21	4	1	11
Zotu1885	1	2	0	1	45	0	0	81	0	2	0	0	3	0	0	0
Zotu3756	1	3	0	7	1	5	0	2	0	0	0	0	0	0	4	6
Zotu1877	1	0	24	13	1	14	0	0	1	2	14	0	1	28	3	2
Zotu2956	2	7	5	17	3	14	0	3	4	4	4	3	17	0	5	3
Zotu1662	2	10	1	35	0	48	0	2	5	22	2	1	7	0	22	2
Zotu2873	1	0	0	1	0	1	0	0	0	0	0	0	0	0	0	112
Zotu2111	2	0	4	47	0	72	0	0	0	0	0	0	1	1	28	0
Zotu1029	2	4	3	1	39	0	0	112	4	0	11	4	1	2	0	22
Zotu4183	3	4	2	2	1	3	0	1	2	5	3	3	4	1	1	3
Zotu4002	1	0	1	20	0	23	0	0	0	0	0	0	0	0	12	0
Zotu1031	3	5	0	1	1	0	0	2	10	2	4	21	223	0	0	3
Zotu4225	2	9	1	9	0	11	0	0	0	9	3	1	6	1	8	4
Zotu3340	1	2	2	0	0	0	0	1	0	3	0	0	0	0	0	14
Zotu1477	1	0	0	0	0	0	0	0	0	0	129	0	0	1	0	0
Zotu734	2	0	0	37	75	34	0	119	0	0	0	0	0	0	14	0
Zotu4226	3	2	0	2	0	5	0	1	7	2	2	2	4	0	1	1
Zotu2007	4	5	28	9	0	9	0	2	2	8	12	0	1	4	5	2
Zotu2563	1	0	2	0	0	6	0	0	1	0	1	1	2	3	0	66
Zotu3697	2	3	4	1	0	6	0	1	2	4	8	1	4	4	2	0
Zotu2029	1	0	0	3	0	3	0	0	0	0	0	0	0	1	2	96
Zotu2585	2	6	13	3	0	6	0	1	0	4	17	1	5	2	2	18
Zotu2001	3	15	11	2	11	0	0	10	10	10	10	10	15	3	0	9
Zotu4168	1	2	1	0	1	0	0	1	0	0	1	1	5	0	0	0
Zotu1793	1	9	9	2	1	5	0	5	21	16	13	14	29	2	4	23
Zotu4169	1	3	10	2	0	1	0	0	0	7	7	0	0	9	1	0
Zotu4393	1	0	7	2	4	0	0	15	0	0	4	0	0	2	0	0
Zotu4394	2	1	4	7	0	12	0	1	0	0	0	0	1	0	2	0
Zotu4171	1	0	4	0	0	0	0	0	0	0	0	0	0	3	0	15
Zotu1413	1	8	0	0	0	1	0	0	19	8	14	11	48	0	0	4
Zotu4464	5	0	1	2	0	2	0	0	0	1	0	0	0	1	3	2
Zotu3609	1	5	2	11	0	6	0	3	8	2	0	11	20	1	12	1
Zotu3852	1	3	0	0	0	0	0	0	13	2	8	4	12	0	0	0
Zotu2872	3	2	8	7	4	3	0	3	1	2	5	1	0	4	3	10
Zotu1574	1	13	0	1	19	0	0	30	12	14	15	10	27	0	0	11
Zotu408	1	18	0	170	56	192	0	193	9	28	1	10	30	0	93	0
Zotu1080	1	0	0	0	4	0	0	1	77	3	0	37	96	0	0	0
Zotu1966	2	9	0	0	0	0	0	0	0	12	51	3	7	2	0	0
Zotu3351	1	6	2	2	0	4	0	0	6	12	49	4	12	2	1	12
Zotu3086	2	0	0	0	0	3	0	0	0	0	0	0	0	2	0	49
Zotu2498	1	3	3	1	1	4	0	11	2	1	2	1	8	0	1	0
Zotu4418	2	3	5	2	1	3	0	0	0	3	1	0	2	3	2	1
Zotu4197	1	0	0	1	0	2	0	0	0	0	0	0	0	0	2	21
Zotu2012	1	9	12	5	1	16	0	2	4	5	0	8	30	2	3	8
Zotu2084	1	7	3	19	37	15	0	62	0	8	0	0	0	1	6	0
Zotu2165	3	1	1	0	0	5	0	0	8	2	63	7	28	0	4	3
Zotu2800	1	0	0	25	0	14	0	0	1	1	4	0	0	0	8	0
Zotu973	1	11	76	2	0	0	0	1	0	17	22	2	8	36	0	2
Zotu2378	2	2	0	1	0	1	0	0	4	3	5	2	24	1	0	0
Zotu1690	2	8	11	0	1	1	0	6	1	10	71	0	2	16	1	3
Zotu2128	1	1	1	2	0	3	0	0	0	0	0	0	2	0	0	156
Zotu2054	1	12	0	9	1	14	0	1	5	16	18	3	10	2	13	7
Zotu772	1	0	1	1	0	1	0	0	90	0	0	82	228	0	0	0
Zotu1497	1	2	3	0	1	3	0	2	4	6	158	1	2	0	0	0
Zotu3281	1	0	0	0	2	3	0	9	6	1	1	0	7	0	3	0
Zotu2193	3	0	8	14	0	28	0	0	8	0	15	3	5	3	8	0
Zotu4315	1	2	8	2	2	2	0	0	1	4	2	2	3	2	0	4
Zotu1699	1	0	2	27	13	34	0	19	0	0	1	0	1	2	15	0
Zotu3456	1	0	5	5	0	1	0	0	0	3	0	0	2	3	2	1
Zotu2918	3	7	3	10	2	9	0	0	0	5	11	0	0	3	10	0
Zotu4068	3	11	3	0	0	0	0	0	1	6	1	0	1	0	0	2
Zotu3701	1	1	4	3	3	12	0	5	2	0	2	3	5	1	4	1
Zotu545	5	0	2	9	0	12	0	0	1	0	3	0	1	1	9	648
Zotu2625	1	2	0	0	0	0	0	0	10	2	0	14	40	0	0	0
Zotu2180	3	5	16	8	3	5	0	0	11	9	21	6	37	4	6	0
Zotu1758	2	2	0	1	3	0	0	0	32	2	1	28	64	1	0	1
Zotu4442	3	3	0	1	1	5	0	0	0	2	6	1	1	0	3	1
Zotu2393	1	16	1	0	0	1	0	0	9	22	50	8	12	0	1	0
Zotu1407	2	2	3	7	32	9	0	63	32	4	4	8	25	0	1	2
Zotu3465	1	0	0	0	7	0	0	12	0	3	1	0	0	0	0	0
Zotu3409	1	3	0	4	0	3	0	0	1	2	9	1	1	1	2	0
Zotu4050	2	0	3	5	0	2	0	0	0	0	0	0	0	3	1	0
Zotu4269	2	1	0	0	0	23	0	0	4	0	2	0	1	1	0	2
Zotu1972	1	2	2	5	3	7	0	0	6	0	0	90	13	0	6	9
Zotu4301	1	0	0	14	0	21	0	0	1	1	3	0	1	1	11	0
Zotu1954	1	0	5	6	31	10	0	63	0	0	0	0	0	0	8	0
Zotu3450	1	22	1	0	0	0	0	0	0	20	1	1	0	4	0	1
Zotu2316	1	1	2	4	0	3	0	0	15	2	1	8	25	0	7	0
Zotu120	4	0	14	878	23	997	0	57	0	6	1	1	0	3	676	0
Zotu161	1	7	140	759	0	1289	0	0	0	5	21	0	0	268	0	3
Zotu2405	1	11	6	12	4	15	0	4	12	10	0	8	21	0	16	7
Zotu1442	1	5	1	10	14	22	0	45	6	2	0	3	14	0	17	15
Zotu2934	1	11	3	0	0	1	0	0	1	4	16	0	4	0	0	58
Zotu3857	1	0	0	0	0	3	0	0	0	0	0	0	0	0	0	19
Zotu1882	2	6	0	2	2	0	0	1	25	25	8	4	15	0	2	7
Zotu124	2	8	3	12	452	31	0	772	269	4	0	250	329	0	21	0
Zotu2248	2	2	0	2	3	6	0	3	9	4	23	3	8	0	3	34
Zotu3092	3	0	0	2	1	1	0	0	1	2	4	0	2	0	4	8
Zotu3080	1	5	0	0	5	0	0	10	3	3	8	0	6	0	0	3
Zotu1635	1	3	0	1	26	7	0	59	12	0	14	6	14	1	3	0
Zotu3527	2	3	2	0	0	2	0	3	5	0	3	5	21	0	0	5
Zotu2782	1	12	2	0	5	0	0	1	9	3	6	10	17	2	0	1
Zotu2773	1	0	1	1	0	3	0	0	6	0	2	6	9	0	4	0
Zotu4214	2	17	0	0	1	2	0	0	2	19	5	0	1	0	0	1
Zotu1360	1	0	5	3	0	1	0	0	0	1	2	0	0	0	1	197
Zotu2113	1	12	0	1	13	4	0	37	0	15	6	0	1	1	4	11
Zotu2208	1	1	0	48	0	67	0	0	0	0	0	0	0	0	26	0
Zotu2701	2	1	3	4	0	6	0	4	3	3	4	2	8	2	3	0
Zotu742	1	2	0	1	0	4	0	0	0	0	0	0	0	1	2	449
Zotu3742	1	1	4	6	0	2	0	0	5	4	35	6	5	0	2	0
Zotu561	1	2	0	4	71	1	0	138	86	4	8	9	128	0	1	1
Zotu3333	2	1	2	2	4	5	0	6	4	2	35	7	17	2	5	14
Zotu4379	2	0	4	11	3	12	0	17	0	2	0	1	2	0	15	0
Zotu1636	1	1	5	0	0	0	0	0	0	0	4	0	0	1	1	74
Zotu4436	1	5	30	1	0	3	0	0	1	9	7	1	2	32	2	1
Zotu1482	1	0	2	1	0	1	0	0	3	0	120	1	9	2	1	2
Zotu88	3	9	1	0	0	5	0	0	104	5	2666	55	234	3	0	3
Zotu417	1	250	60	0	2	0	0	2	3	243	78	0	2	8	0	0
Zotu3579	1	0	1	0	2	5	0	3	0	0	2	2	9	0	0	0
Zotu878	1	13	10	0	0	0	0	0	0	27	202	0	0	9	5	0
Zotu3087	1	0	4	11	0	7	0	3	3	3	2	6	7	2	5	0
Zotu781	1	0	0	0	157	0	0	164	0	0	37	0	0	0	0	0
Zotu4112	1	13	0	3	7	3	0	2	12	15	12	5	3	2	5	0
Zotu4134	1	5	1	3	0	2	0	0	0	2	22	0	1	0	0	0
Zotu3643	1	4	0	0	0	0	0	1	3	2	6	8	3	1	0	0
Zotu4389	1	0	0	0	1	1	0	3	8	3	3	10	12	1	0	2
Zotu970	1	0	0	2	0	2	0	0	0	0	0	0	0	0	2	275
Zotu2361	1	8	2	0	3	0	0	4	19	8	0	5	39	1	0	1
Zotu4255	1	14	3	0	0	6	0	0	1	24	8	1	9	2	3	0
Zotu1986	2	1	3	2	0	2	0	2	1	5	119	2	1	0	1	1
Zotu2109	2	0	0	20	0	20	0	1	6	0	0	5	11	0	17	0
Zotu3733	1	0	6	0	0	1	0	1	4	0	1	1	9	0	1	3
Zotu1962	1	5	0	3	0	3	0	0	6	6	17	9	107	0	2	0
Zotu2860	2	3	1	1	4	4	0	6	3	1	0	4	15	0	1	0
Zotu4094	1	0	10	1	4	1	0	5	1	0	5	4	0	2	0	0
Zotu1351	1	0	3	56	0	51	0	0	0	0	0	0	0	0	31	0
Zotu691	1	264	0	0	0	0	0	0	0	233	0	0	0	0	0	0
Zotu2887	1	12	0	8	8	8	0	6	3	9	6	3	1	1	3	11
Zotu4085	1	8	6	1	0	8	0	3	0	7	7	9	2	0	3	1
Zotu1181	1	0	0	0	123	0	0	132	0	0	2	2	1	0	0	0
Zotu4238	1	0	1	2	0	2	0	0	0	0	1	0	0	0	1	0
Zotu2255	2	0	2	12	21	11	0	12	0	0	7	0	1	2	18	7
Zotu3773	1	0	3	2	2	5	0	0	4	5	3	2	10	2	3	2
Zotu3125	1	4	1	8	0	10	0	0	0	1	1	0	0	1	8	0
Zotu2516	1	1	0	1	0	0	0	0	0	1	9	19	4	0	0	11
Zotu2195	1	0	5	8	0	5	0	0	0	0	0	0	0	5	0	67
Zotu3401	1	6	3	0	0	1	0	1	9	3	1	6	7	0	0	2
Zotu3678	1	0	2	4	3	6	0	3	0	3	13	1	2	1	3	2
Zotu3190	1	2	3	0	0	0	0	2	1	8	26	0	0	3	0	0
Zotu4199	1	1	1	1	0	0	0	1	0	3	0	5	1	1	1	19
Zotu2557	1	0	0	1	1	2	0	2	5	3	11	4	14	0	0	22
Zotu4377	1	3	1	0	0	1	0	0	8	1	5	10	29	1	0	1
Zotu2970	2	0	7	1	4	7	0	6	2	0	3	0	1	2	1	9
Zotu3315	1	0	0	0	0	1	0	0	0	0	0	0	0	0	0	54
Zotu3518	2	0	5	0	0	0	0	0	15	0	9	13	8	0	1	4
Zotu2502	2	14	3	4	0	5	0	2	7	14	15	6	4	0	1	0
Zotu1788	1	1	2	0	0	0	0	0	14	4	51	8	27	1	0	1
Zotu1425	1	0	0	1	0	5	0	0	0	3	0	0	0	0	0	120
Zotu3161	1	18	0	0	0	0	0	0	10	10	3	10	45	1	0	0
Zotu3003	1	0	0	0	0	0	0	0	0	0	0	0	0	0	0	165
Zotu2915	1	0	1	0	0	5	0	0	2	0	0	2	3	2	3	0
Zotu4325	1	0	1	1	0	3	0	0	0	1	0	0	0	1	0	53
Zotu4391	1	5	0	0	4	3	0	3	5	10	10	7	14	1	3	0
Zotu2620	1	2	2	9	3	10	0	3	5	1	4	10	8	1	16	1
Zotu2715	3	0	4	26	13	29	0	27	4	0	0	1	3	0	17	0
Zotu2660	1	8	4	4	1	7	0	8	1	18	1	2	0	1	2	8
Zotu4076	3	1	2	2	1	2	0	0	0	5	2	1	1	2	2	1
Zotu1597	1	46	2	7	0	2	0	0	14	37	29	17	24	0	2	1
Zotu3338	1	8	5	0	0	0	0	0	0	6	0	0	0	2	0	0
Zotu4423	3	0	11	10	0	8	0	0	3	0	9	5	7	3	7	0
Zotu1179	2	0	0	0	0	0	0	0	7	1	5	55	147	1	1	5
Zotu4040	1	0	1	0	0	0	0	0	0	0	1	0	0	0	0	22
Zotu2395	1	0	0	1	0	2	0	0	0	0	0	0	0	0	0	108
Zotu3957	4	0	6	6	2	5	0	3	4	1	7	2	5	5	8	3
Zotu2293	1	5	2	0	0	1	0	0	32	0	17	13	45	0	0	13
Zotu2058	1	0	0	23	0	26	0	0	0	0	0	1	0	0	31	0
Zotu4217	1	1	2	0	0	0	0	1	0	2	5	0	2	1	0	0
Zotu4302	1	1	3	5	0	24	0	1	3	0	1	0	4	0	3	2
Zotu1890	1	21	10	3	1	6	0	1	9	21	29	0	14	12	2	1
Zotu2519	1	0	0	0	0	0	0	0	0	2	0	0	0	0	1	105
Zotu2525	1	0	5	3	2	4	0	1	4	3	4	0	2	0	0	1
Zotu2827	1	0	0	3	0	2	0	0	0	0	0	0	0	3	1	6
Zotu3587	1	1	13	5	1	11	0	5	1	1	0	0	2	1	6	0
Zotu3500	1	0	0	0	0	0	0	0	3	0	0	2	13	0	0	0
Zotu3898	1	16	0	2	1	0	0	1	22	35	1	10	25	1	0	0
Zotu1702	2	11	7	1	5	3	0	6	2	4	46	2	6	2	1	21
Zotu682	1	2	2	0	1	0	0	0	3	26	272	6	2	0	0	2
Zotu3710	1	2	0	18	10	11	0	15	2	0	0	9	11	0	21	0
Zotu1503	1	0	2	0	0	1	0	0	0	0	0	0	0	0	3	268
Zotu2357	1	1	4	3	2	11	0	3	11	2	6	7	13	2	6	9
Zotu3275	2	20	9	5	20	6	0	45	7	27	16	5	10	1	4	5
Zotu3691	1	0	2	12	0	13	0	0	0	0	1	0	0	0	6	3
Zotu2894	1	0	0	4	1	2	0	0	1	0	0	0	0	0	3	100
Zotu3981	1	0	0	6	0	4	0	0	0	0	0	0	0	0	1	123
Zotu1422	1	3	10	0	1	10	0	0	1	5	100	0	0	4	0	0
Zotu2202	1	0	2	2	2	1	0	3	0	1	1	0	0	0	0	162
Zotu967	1	50	0	42	0	50	0	0	8	52	64	5	20	0	22	38
Zotu2385	1	1	1	2	3	5	0	2	3	1	2	6	4	0	3	1
Zotu4296	2	1	1	3	0	7	0	0	0	0	0	0	2	3	2	0
Zotu3373	1	2	5	7	1	4	0	6	2	4	3	4	1	3	6	0
Zotu2784	1	3	0	8	14	5	0	25	0	5	2	0	0	1	9	0
Zotu2720	1	2	2	2	4	2	0	4	0	0	0	1	7	1	1	11
Zotu4174	1	3	0	2	2	5	0	4	2	5	7	1	16	0	3	0
Zotu847	1	1	7	60	14	76	0	38	0	2	44	0	1	0	31	0
Zotu2080	1	17	2	0	0	0	0	0	3	23	30	3	7	0	0	0
Zotu3358	1	12	0	8	1	6	0	0	4	12	33	2	5	0	5	0
Zotu2424	1	0	0	0	18	0	0	34	0	0	0	0	0	0	0	1
Zotu2691	2	0	1	15	0	21	0	0	0	0	0	0	0	1	11	6
Zotu91	1	0	6	1274	0	1525	0	0	1	0	1	2	0	0	985	0
Zotu819	1	1	0	88	8	83	0	19	1	1	24	1	1	1	48	14
Zotu1887	1	28	0	0	11	1	0	11	9	33	121	7	13	0	0	34
Zotu4298	2	0	0	6	0	2	0	0	0	0	0	0	0	0	1	0
Zotu2909	1	1	3	13	0	12	0	0	0	1	0	0	0	2	23	0
Zotu3249	1	1	0	3	10	10	0	11	1	0	0	0	5	0	2	3
Zotu2943	1	3	2	2	0	3	0	1	4	1	8	3	7	0	2	30
Zotu3464	1	12	5	1	1	2	0	1	2	8	10	2	9	1	0	2
Zotu268	1	1	1	32	0	35	0	1	0	0	0	0	0	7	19	1124
Zotu4336	1	0	0	12	0	20	0	0	3	0	1	1	6	0	7	5
Zotu978	1	0	3	6	0	8	0	0	0	1	1	0	0	3	6	240
Zotu3782	1	3	0	4	8	7	0	25	1	4	18	3	4	1	3	1
Zotu4079	1	0	0	11	0	9	0	0	0	0	0	0	0	0	5	0
Zotu4276	1	0	0	0	26	1	0	49	1	1	11	1	0	0	0	0
Zotu1263	1	1	4	1	62	1	0	65	0	4	1	0	0	0	2	1
Zotu3042	1	17	0	0	0	0	0	0	3	13	27	1	3	0	0	0
Zotu2466	1	0	11	22	0	14	0	2	0	0	0	0	0	0	48	0
Zotu1260	1	0	3	0	2	1	0	3	31	0	3	25	47	1	2	1
Zotu2067	1	34	6	0	2	0	0	1	14	34	25	12	21	0	0	3
Zotu2443	1	0	4	2	0	5	0	0	17	1	2	13	10	0	4	2
Zotu1876	1	11	2	13	3	10	0	1	33	11	23	21	22	0	8	0
Zotu4088	1	2	0	0	0	2	0	1	2	1	0	0	0	0	0	0
Zotu3624	1	2	1	9	1	13	0	0	0	2	0	1	3	0	21	0
Zotu2105	1	9	7	0	10	6	0	11	5	5	0	1	13	4	2	5
Zotu3257	1	0	0	0	4	0	0	19	6	2	0	9	18	0	2	0
Zotu2120	1	2	4	0	0	2	0	0	0	1	78	0	4	0	0	0
Zotu3570	1	3	0	0	0	1	0	0	2	1	1	1	1	1	0	2
Zotu2237	1	2	3	1	0	0	0	0	11	3	51	23	33	0	1	0
Zotu1738	1	0	2	2	0	6	0	0	0	0	0	0	0	0	2	165
Zotu4025	1	6	4	1	3	1	0	0	11	4	9	7	14	1	0	0
Zotu2575	1	5	6	9	0	6	0	1	1	3	2	0	1	2	0	21
Zotu4093	1	0	3	7	2	8	0	4	2	6	2	0	2	1	3	14
Zotu3043	1	0	1	21	5	13	0	1	0	0	0	0	0	0	23	0
Zotu357	0	375	0	16	1	17	0	0	0	563	0	0	1	0	8	0
Zotu3508	0	26	0	0	0	0	0	0	0	21	0	0	0	0	0	0
Zotu196	0	355	0	267	0	323	0	0	1	575	0	4	3	0	164	1
Zotu2428	0	24	0	0	18	0	0	11	3	21	2	9	14	0	0	0
Zotu2090	0	1	0	1	0	1	0	1	12	6	84	8	22	0	0	5
Zotu258	0	140	0	273	0	309	0	1	8	139	48	1	3	0	179	23
Zotu4065	0	27	0	1	0	3	0	0	1	20	2	0	1	0	1	0
Zotu3761	0	7	0	0	12	0	0	25	1	4	0	0	0	0	0	7
Zotu530	0	286	0	0	1	0	0	1	1	246	3	0	3	0	0	0
Zotu4443	0	1	2	3	0	7	0	0	0	0	13	0	0	0	10	0
Zotu1162	0	109	0	1	0	3	0	0	9	81	2	3	4	1	0	1
Zotu4167	0	9	0	0	0	1	0	0	13	10	2	7	7	0	0	0
Zotu1147	0	34	0	0	0	0	0	0	6	48	92	6	4	0	0	35
Zotu2308	0	4	6	8	1	8	0	0	4	2	2	6	17	1	2	0
Zotu1060	0	83	0	0	0	0	0	0	36	53	11	27	58	0	0	1
Zotu4450	0	3	3	8	0	6	0	1	3	3	0	1	1	1	5	1
Zotu711	0	133	2	0	1	1	0	1	17	141	1	7	32	0	2	13
Zotu3405	0	32	0	0	0	0	0	0	0	25	0	0	0	0	0	0
Zotu2792	0	19	0	0	0	0	0	0	0	25	0	0	0	0	0	0
Zotu1813	0	8	0	0	0	0	0	0	10	3	2	14	50	0	0	0
Zotu1350	0	70	0	0	5	0	0	6	21	67	22	11	42	0	0	0
Zotu2544	0	6	0	1	0	0	0	1	17	4	5	6	18	0	0	0
Zotu3656	0	16	0	4	0	3	0	0	0	16	0	0	0	2	5	0
Zotu2703	0	29	0	1	1	0	0	0	2	24	0	2	8	0	0	0
Zotu3532	0	28	0	0	0	0	0	0	2	10	0	4	10	0	0	0
Zotu1177	0	115	0	0	0	0	0	0	0	108	0	0	0	0	0	0
Zotu2818	0	40	0	0	0	0	0	0	0	37	0	3	2	0	0	0
Zotu2911	0	9	0	0	0	0	0	0	25	1	1	11	10	0	0	0
Zotu1664	0	78	0	0	0	0	0	0	0	66	13	0	0	0	0	2
Zotu1237	0	16	0	0	0	0	0	2	28	14	4	20	72	0	1	0
Zotu1663	0	47	1	0	0	2	0	0	0	84	2	0	0	0	0	0
Zotu2493	0	25	0	0	0	0	0	0	12	23	0	10	19	0	0	0
Zotu2040	0	30	0	0	0	3	0	0	6	18	9	5	13	0	0	0
Zotu654	0	94	0	1	0	1	0	0	68	68	8	73	163	0	1	39
Zotu2688	0	8	20	1	0	0	0	0	1	3	9	1	2	21	0	0
Zotu827	0	105	0	10	209	9	0	284	12	63	1	10	31	0	5	0
Zotu2148	0	7	46	0	0	0	0	0	0	7	1	0	1	30	1	0
Zotu1347	0	102	0	0	1	1	0	0	3	101	1	0	2	0	0	0
Zotu2986	0	15	1	0	0	0	0	0	1	13	23	0	1	0	0	3
Zotu3055	0	30	0	0	0	0	0	0	14	19	5	7	5	0	0	0
Zotu1734	0	13	0	3	0	7	0	0	15	8	10	7	60	0	7	0
Zotu2449	0	31	1	2	0	0	0	0	0	24	0	1	0	0	0	0
Zotu3850	0	1	1	12	0	45	0	1	0	0	0	0	0	1	12	0
Zotu2788	0	15	0	2	1	1	0	3	3	22	31	0	4	0	3	27
Zotu3051	0	45	0	5	0	7	0	0	3	39	2	1	1	0	4	0
Zotu366	0	46	5	473	0	471	0	1	0	47	0	1	4	0	287	0
Zotu963	0	102	0	5	0	5	0	0	9	110	8	7	16	0	1	3
Zotu731	0	102	0	0	0	1	0	1	0	170	7	1	2	0	0	1
Zotu1015	0	20	0	1	15	1	0	35	23	21	17	28	39	1	4	1
Zotu1904	0	62	6	0	0	0	0	0	2	42	1	0	0	0	0	0
Zotu2330	0	44	0	0	0	0	0	0	3	31	12	1	4	0	0	15
Zotu1631	0	17	0	2	0	1	0	0	32	10	4	43	87	1	5	0
Zotu504	0	87	0	1	50	1	0	54	200	50	0	155	327	0	0	0
Zotu2399	0	26	0	0	5	0	0	19	0	30	2	0	0	0	0	2
Zotu1763	0	19	0	1	0	0	0	2	17	13	79	2	24	0	0	2
Zotu3023	0	14	6	2	1	2	0	2	0	16	5	0	1	2	0	5
Zotu1781	0	22	8	6	1	0	0	1	16	18	35	2	30	2	2	9
Zotu3107	0	29	0	2	2	0	0	0	2	33	2	0	2	0	0	3
Zotu3724	0	17	0	1	0	0	0	0	3	6	9	5	23	0	0	0
Zotu1400	0	102	2	13	1	37	0	1	1	86	0	0	0	2	19	0
Zotu4455	0	18	0	3	0	3	0	0	0	18	4	0	2	0	1	5
Zotu2114	0	4	0	1	0	3	0	1	2	3	0	0	8	0	0	96
Zotu3622	0	10	0	0	0	0	0	0	1	20	0	1	6	0	0	0
Zotu2036	0	14	1	7	0	7	0	0	10	14	1	4	18	1	4	0
Zotu1773	0	63	0	0	0	0	0	0	2	62	2	6	14	0	0	0
Zotu1186	0	73	0	0	0	0	0	0	0	87	0	0	0	0	0	0
Zotu726	0	146	0	4	0	3	0	0	39	118	11	21	58	1	3	0
Zotu628	0	38	0	0	0	0	0	0	106	27	13	99	169	0	0	0
Zotu1052	0	23	0	61	0	66	0	0	0	38	7	0	0	0	46	1
Zotu3874	0	21	0	1	0	3	0	1	0	1	15	0	0	0	0	0
Zotu2807	0	34	2	0	0	0	0	0	0	26	2	0	0	0	0	4
Zotu2479	0	12	1	0	0	0	0	0	7	10	40	12	16	0	0	4
Zotu1204	0	66	0	0	2	0	0	5	18	39	12	11	38	0	0	0
Zotu188	0	27	0	613	6	741	0	3	0	18	0	0	0	0	263	0
Zotu1205	0	13	0	0	0	0	0	0	49	31	0	24	78	0	0	0
Zotu1331	0	9	0	61	3	72	0	4	0	15	5	0	0	1	25	4
Zotu4203	0	3	3	0	0	0	0	0	0	2	15	2	5	0	1	15
Zotu1182	0	19	0	0	1	0	0	0	11	23	40	8	18	0	0	27
Zotu1651	0	31	0	1	0	0	0	0	17	17	11	17	39	0	1	0
Zotu3302	0	1	2	1	1	1	0	2	3	1	2	4	15	0	1	1
Zotu779	0	78	0	24	0	22	0	0	12	139	0	18	36	0	16	0
Zotu4099	0	8	1	3	2	1	0	2	2	13	0	2	4	0	4	0
Zotu2775	0	15	1	12	0	7	0	0	11	7	2	6	23	0	12	1
Zotu3078	0	13	0	0	0	0	0	0	15	11	5	9	28	0	0	17
Zotu752	0	44	1	0	0	0	0	0	56	27	46	24	91	0	0	0
Zotu3877	0	3	0	0	0	0	0	0	8	7	0	11	14	0	0	0
Zotu4387	0	3	0	6	0	5	0	0	0	4	0	0	0	0	0	0
Zotu2581	0	12	1	0	3	0	0	4	7	13	6	2	20	0	0	10
Zotu2822	0	21	0	6	0	5	0	0	0	21	0	0	0	0	8	0
Zotu1268	0	45	0	0	0	0	0	0	5	36	5	3	13	0	1	60
Zotu2124	0	18	1	6	14	8	0	14	2	7	4	3	7	0	2	1
Zotu2432	0	8	0	9	16	12	0	19	0	7	2	0	0	0	7	0
Zotu2375	0	19	0	0	0	0	0	0	1	25	10	0	4	0	0	1
Zotu2329	0	31	0	0	0	0	0	0	4	23	1	0	3	0	0	0
Zotu2662	0	1	0	0	0	0	0	0	10	1	0	7	16	0	0	0
Zotu3566	0	18	0	0	16	0	0	25	20	11	0	13	33	0	1	0
Zotu1053	0	13	0	165	0	136	0	0	0	12	0	0	0	0	117	0
Zotu1655	0	57	0	11	7	12	0	5	0	41	1	0	0	0	11	0
Zotu4117	0	16	0	1	0	0	0	0	10	7	0	2	13	0	0	3
Zotu3827	0	44	0	0	0	0	0	0	1	42	3	0	1	0	0	0
Zotu1184	0	88	0	0	0	0	0	0	3	50	0	3	8	0	0	0
Zotu3452	0	67	0	0	0	3	0	0	1	47	0	0	3	0	0	1
Zotu3884	0	15	0	12	0	7	0	0	1	23	2	1	0	0	7	0
Zotu1955	0	37	0	0	0	1	0	0	0	45	0	0	1	0	0	0
Zotu3444	0	4	2	2	0	4	0	0	3	4	2	0	3	0	3	2
Zotu2485	0	6	2	5	0	6	0	0	5	10	1	1	9	0	0	0
Zotu3585	0	5	1	4	1	6	0	3	1	4	6	1	8	0	0	7
Zotu1516	0	6	0	0	2	2	0	7	7	5	95	3	12	0	1	0
Zotu2411	0	31	0	0	0	0	0	0	0	15	12	0	0	0	0	0
Zotu1741	0	9	0	44	0	65	0	0	0	0	0	0	0	0	27	0
Zotu2761	0	18	0	0	0	0	0	0	4	21	0	10	28	0	0	0
Zotu624	0	51	0	2	32	2	0	65	55	68	1	26	94	0	0	1
Zotu3011	0	9	0	2	0	1	0	0	5	10	12	9	13	2	0	0
Zotu3297	0	4	1	2	0	0	0	0	2	4	12	1	6	0	0	1
Zotu2738	0	17	5	1	2	0	0	0	0	5	28	2	4	10	3	4
Zotu2039	0	2	0	0	57	0	0	86	2	3	0	0	3	0	0	7
Zotu2389	0	38	0	0	0	0	0	0	3	73	3	1	2	1	0	0
Zotu454	0	3	53	303	0	430	0	1	0	2	10	0	0	29	3	1
Zotu4026	0	7	1	0	0	2	0	0	1	2	21	1	0	0	0	0
Zotu4211	0	4	0	0	6	0	0	5	8	2	0	5	15	1	0	4
Zotu4192	0	13	0	0	0	0	0	0	4	6	0	2	10	0	0	1
Zotu2865	0	25	7	0	0	1	0	0	2	16	1	12	11	0	0	1
Zotu3713	0	25	0	0	1	0	0	1	0	26	0	0	0	0	0	0
Zotu1681	0	4	0	0	19	0	0	45	7	2	1	4	11	0	0	0
Zotu3403	0	16	0	0	0	0	0	0	0	23	1	1	0	0	1	0
Zotu2776	0	30	2	0	0	2	0	0	0	27	0	0	0	0	0	0
Zotu3149	0	27	0	0	0	0	0	0	1	24	1	1	1	0	2	0
Zotu2592	0	2	0	0	0	0	0	0	16	2	0	8	19	0	0	0
Zotu1736	0	7	0	0	44	0	0	63	0	7	0	0	1	1	0	6
Zotu4318	0	1	0	0	16	0	0	13	0	0	0	0	0	0	0	1
Zotu3025	0	4	1	0	0	0	0	1	8	0	30	10	11	0	0	1
Zotu4265	0	10	0	0	0	2	0	0	0	3	0	0	0	0	0	0
Zotu2025	0	3	4	24	10	32	0	21	0	2	0	0	9	0	14	2
Zotu3740	0	11	0	0	0	0	0	0	5	16	2	1	3	0	0	0
Zotu2845	0	1	0	22	0	25	0	0	0	0	0	0	0	0	26	0
Zotu1404	0	33	0	18	5	18	0	16	0	33	10	0	0	1	13	0
Zotu4006	0	11	0	2	1	1	0	2	2	5	1	0	3	1	1	3
Zotu2733	0	2	0	0	0	0	0	0	6	5	18	4	0	0	0	0
Zotu3349	0	3	6	2	2	1	0	3	2	2	4	2	14	2	0	1
Zotu3425	0	10	0	0	0	1	0	0	9	5	0	11	14	0	0	0
Zotu2829	0	18	4	15	0	28	0	0	0	18	0	0	0	0	21	0
Zotu1212	0	14	0	3	0	2	0	1	0	13	0	0	0	1	0	203
Zotu3513	0	8	0	0	0	0	0	0	9	4	0	5	17	0	0	0
Zotu4392	0	1	0	0	0	0	0	0	0	1	3	2	3	0	2	0
Zotu3455	0	2	3	0	0	0	0	0	0	1	1	0	3	0	0	0
Zotu1082	0	4	7	87	0	85	0	2	2	1	9	0	3	2	51	22
Zotu2500	0	4	2	0	0	1	0	0	21	1	14	14	47	2	0	4
Zotu4031	0	12	0	5	5	2	0	12	2	14	3	0	3	0	1	1
Zotu2856	0	33	0	0	0	0	0	0	0	42	4	0	0	0	0	0
Zotu2843	0	12	3	1	33	0	0	55	1	8	9	3	2	1	0	0
Zotu1808	0	43	0	12	0	2	0	0	13	32	4	10	1	0	16	0
Zotu3745	0	27	0	0	0	0	0	0	3	1	2	3	10	0	0	2
Zotu2877	0	9	0	0	0	0	0	0	11	8	36	17	26	0	0	0
Zotu3605	0	2	2	0	1	0	0	1	0	1	0	0	0	0	0	22
Zotu1838	0	57	0	1	0	1	0	1	2	54	1	2	3	0	1	2
Zotu875	0	6	0	0	113	3	0	169	0	0	4	0	0	0	1	1
Zotu3848	0	15	0	0	0	0	0	0	0	13	0	0	0	0	0	0
Zotu3729	0	1	3	0	0	1	0	1	3	2	13	1	3	1	0	0
Zotu3581	0	34	0	1	0	0	0	0	9	15	0	1	24	1	0	0
Zotu3959	0	22	0	0	0	0	0	0	0	14	0	0	0	0	0	0
Zotu2364	0	10	0	22	1	26	0	0	0	8	4	0	0	0	20	0
Zotu1959	0	1	1	47	0	57	0	0	0	0	0	0	0	0	24	0
Zotu4024	0	3	0	0	0	0	0	0	1	5	1	1	6	0	1	2
Zotu3371	0	25	0	0	0	0	0	0	3	18	1	0	1	0	0	1
Zotu1792	0	7	1	1	3	0	0	4	18	12	11	14	52	1	1	5
Zotu969	0	22	0	0	0	2	0	1	20	34	85	11	36	0	0	2
Zotu2917	0	39	0	0	0	0	0	0	0	25	0	1	1	0	0	0
Zotu4073	0	1	0	7	11	10	0	10	1	1	0	0	1	0	4	0
Zotu3974	0	4	0	0	0	0	0	0	9	9	0	5	20	0	0	6
Zotu2685	0	15	3	4	1	0	0	0	9	5	2	8	11	1	2	2
Zotu521	0	11	45	222	0	263	0	0	0	4	28	0	1	78	0	0
Zotu2663	0	16	1	0	0	0	0	2	4	15	4	1	11	1	0	3
Zotu3497	0	41	0	3	0	2	0	0	1	28	4	0	0	1	4	2
Zotu1460	0	4	6	6	0	9	0	0	42	3	3	17	87	1	5	3
Zotu1559	0	13	0	1	0	4	0	0	10	13	0	14	34	0	4	0
Zotu181	0	24	0	0	0	1	0	1	0	17	1335	0	4	0	0	2
Zotu2651	0	2	0	0	0	0	0	0	5	0	4	6	47	0	0	0
Zotu2260	0	2	2	0	0	1	0	0	0	3	0	0	1	0	1	59
Zotu4458	0	5	4	0	1	2	0	2	2	8	7	0	12	0	1	3
Zotu1145	0	1	0	0	86	1	0	156	0	0	0	0	0	0	0	0
Zotu2560	0	3	0	0	15	0	0	27	0	0	24	0	0	0	0	0
Zotu2908	0	10	5	18	0	27	0	0	0	7	0	0	0	1	9	0
Zotu2914	0	42	0	0	0	0	0	0	0	29	0	0	0	0	0	0
Zotu2191	0	13	0	0	0	0	0	0	10	6	23	7	25	0	0	30
Zotu3389	0	5	0	0	0	0	0	0	0	5	22	0	0	0	0	0
Zotu1342	0	13	0	58	0	45	0	0	3	9	3	1	14	0	25	0
Zotu3672	0	15	0	1	0	2	0	0	5	6	3	2	5	0	2	0
Zotu3314	0	10	0	0	0	0	0	0	0	13	0	0	1	0	0	62
Zotu2779	0	3	0	0	0	0	0	0	4	6	0	0	5	0	0	48
Zotu4259	0	3	0	0	0	0	0	0	0	2	30	1	0	0	0	0
Zotu1255	0	3	0	0	0	0	0	0	15	4	57	27	96	0	0	0
Zotu2021	0	5	0	0	0	0	0	0	1	7	151	1	0	0	0	0
Zotu4241	0	8	5	0	0	0	0	0	1	6	0	4	1	2	0	0
Zotu2352	0	18	1	1	0	2	0	4	0	30	0	0	0	0	0	0
Zotu3689	0	5	2	2	16	1	0	20	3	8	16	2	0	0	6	0
Zotu2979	0	6	3	0	0	0	0	0	0	2	37	0	0	5	1	0
Zotu931	0	78	37	0	1	0	0	0	0	80	30	1	4	3	0	0
Zotu401	0	14	2	1	33	1	0	34	81	17	626	44	153	1	0	1
Zotu2847	0	5	0	0	0	0	0	0	0	3	25	0	3	0	0	45
Zotu1326	0	14	3	0	72	0	0	74	0	15	4	1	0	1	0	0
Zotu3291	0	18	0	0	25	0	0	40	0	9	18	0	0	0	0	9
Zotu1698	0	21	2	0	1	0	0	1	5	21	45	2	13	0	0	0
Zotu1605	0	15	1	4	2	1	0	0	5	24	39	6	16	4	0	1
Zotu1554	0	8	0	0	4	0	0	12	0	8	36	0	1	0	1	151
Zotu4135	0	16	0	0	0	0	0	0	2	16	0	0	1	0	0	0
Zotu2187	0	2	0	0	0	1	0	0	19	4	21	14	41	0	0	15
Zotu3821	0	7	1	0	0	1	0	0	4	3	8	7	7	0	0	1
Zotu1045	0	11	0	0	182	0	0	158	0	10	0	0	0	0	0	0
Zotu2333	0	28	0	0	3	0	0	5	0	31	0	0	0	0	0	0
Zotu3356	0	1	0	0	1	0	0	0	29	0	14	12	58	0	0	0
Zotu1925	0	8	0	0	14	3	0	43	1	6	1	0	0	0	1	1
Zotu2008	0	29	1	0	0	1	0	0	0	33	0	0	0	0	0	0
Zotu4105	0	2	0	0	0	1	0	2	3	2	39	1	1	3	0	2
Zotu16	0	9	1	2	0	0	0	0	158	7	5640	74	237	2	0	0
Zotu3154	0	11	0	0	0	0	0	0	0	20	0	0	0	0	0	0
Zotu4019	0	1	0	4	16	6	0	30	2	2	5	1	0	0	5	3
Zotu3815	0	2	0	0	1	0	0	2	2	1	24	0	2	0	0	0
Zotu4434	0	1	0	0	0	0	0	0	2	0	0	6	19	0	2	0
Zotu3215	0	4	1	4	0	3	0	0	7	2	3	5	18	0	2	38
Zotu2050	0	5	0	0	0	0	0	0	8	8	23	16	21	0	0	1
Zotu4058	0	14	1	2	0	3	0	0	9	15	0	7	20	1	2	2
Zotu3260	0	14	2	5	6	2	0	23	0	10	4	0	1	1	1	0
Zotu3014	0	5	0	17	0	24	0	0	0	6	1	0	0	0	24	0
Zotu4253	0	10	0	5	0	10	0	0	1	22	0	0	0	0	10	0
Zotu947	0	14	0	0	0	0	0	0	48	14	15	56	91	0	0	0
Zotu2985	0	21	1	0	0	0	0	0	0	11	5	0	1	0	0	3
Zotu2060	0	3	0	0	22	0	0	37	3	1	8	3	1	0	0	1
Zotu2907	0	4	0	0	0	2	0	0	7	9	3	5	29	0	3	3
Zotu2110	0	13	0	0	0	0	0	0	1	10	57	1	5	0	1	0
Zotu3714	0	1	0	0	0	0	0	0	0	7	15	0	1	4	0	2
Zotu2134	0	19	0	0	0	0	0	0	1	46	20	0	0	0	0	0
Zotu2486	0	3	0	14	0	14	0	0	2	1	0	2	1	0	18	0
Zotu4469	0	2	5	2	2	2	0	4	0	1	0	0	5	0	0	3
Zotu1501	0	3	1	0	8	0	0	12	24	4	1	35	60	0	0	0
Zotu2690	0	6	5	15	0	23	0	0	0	3	0	0	2	0	18	1
Zotu1896	0	18	0	1	20	0	0	34	1	27	38	1	2	0	0	2
Zotu2559	0	25	0	7	0	5	0	0	4	48	2	4	2	0	4	0
Zotu3200	0	4	0	11	0	4	0	0	0	3	0	1	0	0	15	0
Zotu2686	0	2	0	1	0	0	0	0	9	8	11	8	12	0	0	0
Zotu4311	0	7	0	2	0	0	0	0	3	8	3	3	7	1	0	0
Zotu3753	0	5	3	0	0	0	0	0	3	5	33	1	5	2	0	9
Zotu3216	0	7	0	4	0	3	0	0	7	3	0	8	22	3	5	2
Zotu659	0	23	0	0	0	0	0	0	25	34	170	28	65	0	0	20
Zotu3578	0	12	0	0	0	0	0	0	0	22	0	0	0	0	0	8
Zotu791	0	2	0	0	24	0	0	27	42	3	47	41	71	0	0	2
Zotu3381	0	5	0	4	10	2	0	5	4	1	0	5	7	0	1	0
Zotu4071	0	7	0	4	0	4	0	0	1	1	5	3	0	1	0	1
Zotu4404	0	7	2	1	0	0	0	0	0	7	6	1	1	3	1	12
Zotu4127	0	3	4	0	1	5	0	3	2	3	3	0	1	3	1	19
Zotu3328	0	19	0	11	1	9	0	3	0	10	1	0	0	1	14	0
Zotu4381	0	8	4	0	0	0	0	1	0	6	21	0	3	4	0	0
Zotu4256	0	18	0	0	0	0	0	0	1	22	0	0	1	0	0	0
Zotu1336	0	9	7	35	0	28	0	0	0	7	0	0	0	0	20	0
Zotu4406	0	4	0	6	0	16	0	0	3	1	13	4	7	0	5	16
Zotu3922	0	1	0	0	0	0	0	0	0	19	0	0	7	0	0	0
Zotu3481	0	1	0	0	0	0	0	0	5	2	2	2	10	0	0	3
Zotu3907	0	12	0	7	0	19	0	0	1	9	6	1	1	1	5	19
Zotu3348	0	6	0	0	0	1	0	1	21	8	6	15	32	0	0	0
Zotu886	0	12	11	2	0	1	0	1	0	29	271	0	0	21	7	0
Zotu3134	0	1	0	20	0	14	0	0	0	5	1	0	0	0	18	0
Zotu835	0	22	3	60	59	66	0	93	2	31	13	2	6	0	52	5
Zotu3565	0	3	0	1	2	5	0	18	0	1	0	0	9	0	2	0
Zotu3735	0	2	0	9	0	4	0	0	0	8	0	0	0	0	3	0
Zotu4234	0	5	0	2	0	4	0	0	3	6	0	5	3	0	0	0
Zotu2137	0	3	0	0	0	0	0	0	4	0	0	12	67	0	0	0
Zotu3467	0	6	0	0	0	0	0	0	0	0	26	0	0	0	0	0
Zotu3960	0	12	0	0	0	0	0	0	0	16	3	0	1	0	0	5
Zotu2426	0	22	0	0	0	0	0	0	0	20	0	2	6	0	0	0
Zotu3933	0	10	0	29	4	20	0	11	0	18	1	1	0	0	17	1
Zotu1579	0	1	0	0	54	0	0	94	0	0	0	0	0	0	0	0
Zotu3972	0	4	0	1	0	0	0	0	1	2	8	3	8	0	0	0
Zotu3523	0	4	3	2	0	1	0	0	0	5	11	0	0	3	1	1
Zotu2567	0	2	0	0	0	0	0	0	12	0	8	7	24	1	0	0
Zotu2514	0	2	0	0	0	0	0	0	12	1	7	12	30	0	0	0
Zotu3519	0	4	0	0	0	0	0	0	1	8	8	1	4	0	0	0
Zotu2146	0	4	31	6	0	1	0	0	2	8	15	0	1	29	0	2
Zotu4165	0	6	0	6	0	4	0	0	6	10	2	3	5	0	2	0
Zotu3105	0	4	2	0	1	0	0	2	27	6	0	9	32	2	0	1
Zotu611	0	8	0	0	4	0	0	4	73	16	5	70	142	0	1	2
Zotu1498	0	2	0	0	0	0	0	0	26	4	12	14	139	0	0	1
Zotu3614	0	1	7	1	0	6	0	1	0	3	2	1	3	1	2	3
Zotu1315	0	1	3	102	0	132	0	1	1	0	1	0	0	2	55	1
Zotu3784	0	1	0	0	0	0	0	0	1	0	15	2	1	0	0	0
Zotu2823	0	4	0	1	1	1	0	1	11	1	3	9	14	0	0	1
Zotu4218	0	8	0	0	0	0	0	0	0	5	5	2	2	1	0	12
Zotu1945	0	6	0	0	0	0	0	0	17	3	23	9	98	0	0	9
Zotu452	0	1	0	0	0	0	0	0	92	1	80	142	504	0	0	0
Zotu1549	0	9	15	2	0	3	0	0	0	12	69	0	0	4	0	0
Zotu3233	0	16	1	3	5	7	0	3	0	4	9	1	5	4	1	4
Zotu2230	0	1	0	7	0	8	0	1	0	0	2	0	0	0	2	52
Zotu2367	0	2	1	0	0	0	0	0	0	2	39	0	0	2	2	0
Zotu2398	0	3	0	0	0	0	0	6	30	6	3	36	78	0	0	4
Zotu1978	0	12	0	0	0	0	0	0	4	3	33	2	10	0	0	3
Zotu3646	0	1	0	0	0	0	0	0	10	2	1	10	11	0	0	0
Zotu2511	0	6	0	0	0	0	0	0	0	3	61	0	1	0	0	0
Zotu1821	0	4	3	24	18	23	0	18	0	1	0	0	0	0	13	0
Zotu3071	0	1	1	9	0	8	0	1	2	2	0	4	3	1	8	0
Zotu3124	0	3	0	0	0	0	0	1	0	1	14	1	2	0	0	42
Zotu2334	0	7	0	0	0	0	0	0	25	2	0	13	58	0	0	0
Zotu2780	0	4	4	5	0	1	0	3	0	4	0	0	1	1	0	0
Zotu4147	0	1	0	0	0	0	0	0	13	0	1	1	28	0	0	0
Zotu3886	0	4	1	3	1	5	0	1	2	3	3	1	2	0	1	10
Zotu1001	0	2	0	12	4	5	0	11	73	2	0	65	126	0	6	8
Zotu4087	0	10	1	5	0	4	0	0	1	10	1	0	1	1	6	3
Zotu4293	0	3	0	0	1	0	0	1	4	6	1	1	7	0	0	4
Zotu2600	0	2	1	3	20	9	0	61	16	1	0	4	11	1	0	0
Zotu4091	0	6	1	2	0	5	0	1	0	11	3	0	1	0	3	1
Zotu4021	0	13	0	1	0	1	0	0	4	6	0	1	12	0	0	0
Zotu403	0	8	117	1	3	0	0	8	0	7	349	0	0	39	5	0
Zotu4426	0	2	2	2	2	0	0	0	2	0	1	1	5	1	1	0
Zotu4460	0	2	0	0	0	0	0	0	1	0	50	2	6	0	0	0
Zotu3880	0	4	5	1	0	0	0	2	11	1	7	5	9	1	1	1
Zotu1521	0	3	0	56	1	45	0	1	3	0	0	2	10	0	44	2
Zotu523	0	2	0	1	258	5	0	330	1	1	1	1	7	1	0	1
Zotu3723	0	4	1	0	0	0	0	1	3	11	2	3	5	0	0	2
Zotu3419	0	4	0	1	0	0	0	0	0	8	4	1	1	1	0	0
Zotu1948	0	3	3	10	12	18	0	17	0	3	1	0	0	0	6	11
Zotu2233	0	7	0	20	0	11	0	0	4	5	3	5	18	0	12	2
Zotu2928	0	8	0	1	0	0	0	0	0	0	0	0	2	0	2	19
Zotu3553	0	1	0	16	0	15	0	0	1	0	0	0	1	0	10	0
Zotu546	0	1	0	6	161	5	0	187	67	0	15	65	143	1	8	0
Zotu2583	0	6	2	55	0	67	0	0	0	5	0	0	0	2	54	0
Zotu2766	0	1	0	0	0	0	0	1	18	3	19	17	60	1	0	0
Zotu2588	0	2	3	0	27	0	0	39	0	2	0	0	0	0	0	1
Zotu2590	0	1	0	0	0	0	0	0	8	5	1	15	29	0	0	0
Zotu2064	0	1	0	0	3	1	0	3	0	0	0	0	0	0	0	52
Zotu4223	0	12	0	1	0	1	0	0	7	7	19	9	1	0	0	0
Zotu3480	0	9	0	0	0	0	0	0	1	5	10	1	2	0	0	0
Zotu985	0	1	0	0	0	0	0	0	8	4	245	5	8	0	0	1
Zotu3490	0	3	0	0	2	0	0	0	3	4	1	6	13	0	0	0
Zotu3910	0	2	1	1	1	0	0	0	3	4	26	9	8	1	1	2
Zotu2958	0	2	0	21	0	31	0	0	0	0	9	10	14	1	24	0
Zotu4375	0	4	0	0	0	0	0	0	3	7	3	1	7	0	0	0
Zotu4163	0	1	0	0	0	0	0	0	1	2	30	2	4	0	0	3
Zotu4045	0	3	1	1	0	5	0	0	1	3	2	2	2	1	0	0
Zotu4344	0	1	0	5	8	10	0	11	0	0	5	1	1	0	4	1
Zotu3129	0	8	0	0	1	0	0	0	7	6	1	12	16	0	0	4
Zotu2840	0	1	10	0	0	6	0	3	3	7	0	4	14	3	2	2
Zotu1998	0	3	1	1	0	10	0	1	7	3	26	6	12	1	3	0
Zotu3952	0	6	3	0	0	0	0	0	4	3	1	1	6	0	1	5
Zotu3641	0	1	0	0	3	0	0	3	8	2	2	3	8	1	0	9
Zotu144	0	16	0	685	0	796	0	0	0	8	0	1	1	0	412	0
Zotu3258	0	5	0	7	0	7	0	0	0	3	0	0	0	0	8	0
Zotu3236	0	5	0	9	19	6	0	26	0	8	3	0	0	1	4	0
Zotu2699	0	3	0	14	0	24	0	0	0	3	0	0	0	0	25	0
Zotu2771	0	4	0	2	1	1	0	0	13	5	5	8	20	0	7	2
Zotu3895	0	1	0	6	14	9	0	23	6	0	3	4	8	0	8	0
Zotu2729	0	6	0	23	0	23	0	0	3	3	0	2	6	0	24	0
Zotu2798	0	4	1	2	1	0	0	1	2	15	5	1	4	1	1	5
Zotu2355	0	1	0	2	4	4	0	4	0	0	7	1	1	0	0	46
Zotu3868	0	2	2	0	1	0	0	0	0	5	0	0	0	0	0	22
Zotu3976	0	4	6	3	0	2	11	0	3	4	3	3	3	0	4	2
Zotu578	0	2	0	158	0	199	0	0	0	1	1	0	0	0	113	0
Zotu3372	0	13	2	0	7	1	0	1	8	7	7	4	10	1	1	13
Zotu2033	0	1	0	0	0	0	0	0	16	1	4	11	51	0	0	0
Zotu1871	0	3	0	5	0	8	0	0	16	5	40	9	35	0	6	11
Zotu4132	0	4	0	13	0	11	0	0	0	5	5	0	0	0	10	17
Zotu4113	0	2	0	0	5	0	0	17	2	2	5	0	1	1	0	0
Zotu3101	0	6	0	0	0	1	0	0	1	9	4	0	0	0	0	24
Zotu2296	0	1	0	0	0	0	0	0	17	4	0	17	17	0	0	0
Zotu1443	0	5	12	51	2	80	0	2	0	16	0	0	0	0	28	0
Zotu4444	0	2	0	0	1	0	0	1	3	2	9	10	0	0	0	0
Zotu2969	0	4	0	1	16	0	0	18	0	3	1	0	0	0	0	3
Zotu2857	0	1	0	0	0	0	0	0	14	6	24	26	9	0	0	0
Zotu2047	0	1	0	28	0	38	0	0	0	1	0	0	1	1	17	0
Zotu1074	0	7	2	0	128	0	0	212	0	2	0	0	4	0	0	0
Zotu4164	0	1	0	2	0	2	0	0	0	0	0	0	0	1	1	77
Zotu2572	0	10	0	29	0	28	0	0	0	20	1	0	0	0	21	4
Zotu2390	0	3	1	0	1	0	0	0	15	0	1	52	29	0	5	1
Zotu1269	0	1	0	48	0	42	0	1	0	0	0	0	0	0	19	83
Zotu2455	0	10	0	0	0	0	0	0	6	17	7	10	23	0	0	1
Zotu4361	0	2	5	4	1	3	0	0	0	0	0	0	0	2	3	0
Zotu2178	0	1	28	35	0	28	0	0	0	0	0	0	0	20	0	0
Zotu4035	0	2	1	3	1	3	0	0	10	2	0	2	4	0	2	0
Zotu3412	0	3	0	21	0	18	0	0	0	8	0	0	0	0	7	0
Zotu1748	0	5	9	1	13	1	0	16	17	4	3	14	32	0	0	0
Zotu4092	0	2	0	12	0	14	0	2	0	1	4	0	0	0	13	0
Zotu1356	0	2	0	0	57	1	0	71	0	0	8	0	0	0	0	2
Zotu2285	0	1	0	0	0	1	0	0	0	0	0	0	0	0	0	88
Zotu1150	0	1	0	0	119	0	0	104	1	3	0	0	0	0	0	0
Zotu4327	0	4	1	8	0	6	0	2	0	5	0	0	0	0	4	0
Zotu2276	0	2	2	19	0	20	0	0	0	2	0	0	0	0	16	0
Zotu4131	0	4	0	0	3	0	0	5	0	5	1	0	0	0	0	2
Zotu315	0	1	0	0	565	0	0	533	0	0	0	0	1	0	0	0
Zotu1264	0	2	0	60	7	50	0	6	0	2	0	0	0	2	61	1
Zotu494	0	4	1	192	0	223	0	0	0	2	1	0	1	0	115	2
Zotu3881	0	5	0	0	10	0	0	7	0	9	1	0	1	0	0	0
Zotu2890	0	2	4	0	0	1	0	0	0	0	29	0	0	5	0	0
Zotu3050	0	2	4	13	0	24	0	0	1	0	9	1	3	0	18	1
Zotu2836	0	4	0	9	0	17	0	0	0	8	0	0	0	0	13	0
Zotu2694	0	3	0	4	19	4	0	26	0	0	0	0	1	0	3	0
Zotu3971	0	9	0	0	0	0	0	0	3	6	5	4	8	0	0	0
Zotu2371	0	3	0	0	1	0	0	0	0	0	4	5	64	0	0	0
Zotu1912	0	4	0	3	0	0	0	1	33	4	2	12	43	1	2	0
Zotu3447	0	4	0	12	0	12	0	0	0	2	0	0	0	0	9	1
Zotu3313	0	2	0	14	0	13	0	0	0	1	0	0	0	0	9	0
Zotu2252	0	3	1	6	3	6	0	6	7	7	13	5	11	0	3	0
Zotu1644	0	3	2	0	19	0	0	16	11	5	28	4	14	2	0	8
Zotu3290	0	4	0	0	0	3	0	0	0	3	3	0	2	1	3	3
Zotu3913	0	12	2	0	2	1	0	0	4	1	12	1	4	0	2	1
Zotu1754	0	2	2	0	41	0	0	51	1	1	0	1	0	0	0	0
Zotu2658	0	1	0	0	13	0	0	42	0	0	0	0	2	0	0	0
Zotu2521	0	3	1	0	19	1	0	26	0	5	7	0	0	0	0	1
Zotu3150	0	1	0	0	39	0	0	67	0	3	8	0	0	0	0	0
Zotu3606	0	1	0	1	0	1	0	2	1	5	46	0	0	0	0	3
Zotu3943	0	1	0	0	0	3	0	0	0	0	0	0	0	0	0	65
Zotu3919	0	15	0	0	0	3	0	0	4	20	0	0	7	0	0	0
Zotu2196	0	4	7	1	2	3	0	1	2	13	6	3	4	0	1	27
Zotu3217	0	5	4	22	5	26	0	8	1	3	3	1	0	5	12	0
Zotu3989	0	2	0	0	0	0	0	0	3	3	0	3	0	0	0	0
Zotu3192	0	1	2	0	1	0	0	3	4	1	2	1	15	2	1	0
Zotu3142	0	3	0	16	0	11	0	0	0	5	0	0	1	1	15	0
Zotu3397	0	3	1	0	2	0	0	6	3	2	0	4	7	3	0	5
Zotu4028	0	2	0	0	0	0	0	2	3	1	8	4	2	0	0	0
Zotu4350	0	3	0	0	0	0	0	0	2	1	31	3	5	0	0	0
Zotu3118	0	1	4	0	0	0	0	3	5	1	1	3	14	0	0	0
Zotu3199	0	3	0	0	0	0	0	0	0	2	32	3	0	0	0	0
Zotu2119	0	5	0	0	2	0	0	3	12	5	2	19	45	0	0	3
Zotu2669	0	2	0	0	1	0	0	1	0	2	13	0	0	0	0	54
Zotu4086	0	4	0	0	1	5	0	0	0	4	0	0	0	0	1	0
Zotu2275	0	3	0	0	1	0	0	1	19	2	9	33	16	0	1	3
Zotu3788	0	2	0	0	1	0	0	1	3	2	1	5	3	0	0	4
Zotu4032	0	1	1	0	16	1	0	35	3	0	0	4	6	0	0	0
Zotu1557	0	1	0	0	0	0	0	1	31	0	32	17	49	0	0	3
Zotu4303	0	5	2	2	4	4	0	12	0	5	6	2	5	0	6	0
Zotu2038	0	3	1	28	0	31	0	0	0	4	0	0	0	6	2	0
Zotu4123	0	1	0	0	0	0	0	1	1	4	10	2	9	0	0	2
Zotu3165	0	2	0	9	7	12	0	7	0	0	2	0	0	4	6	15
Zotu94	0	1	1	0	0	1	0	0	1	1	1996	0	1	1	1	1
Zotu2409	0	1	0	1	0	0	0	0	21	0	1	10	37	0	0	47
Zotu2014	0	2	0	0	0	0	0	0	33	6	1	26	71	0	0	0
Zotu2748	0	4	0	13	0	24	0	0	0	0	0	1	0	0	14	0
Zotu3394	0	1	20	0	0	0	0	1	0	17	40	1	0	4	5	0
Zotu2186	0	2	2	14	12	16	0	42	0	1	0	0	0	1	17	1
Zotu4046	0	3	2	3	1	1	0	3	4	6	3	0	6	1	3	5
Zotu3851	0	2	0	2	0	2	0	0	1	1	13	0	2	0	0	2
Zotu2820	0	1	1	4	2	6	0	2	43	2	3	20	46	0	5	0
Zotu2439	0	3	0	28	0	42	0	0	1	2	0	0	1	0	27	0
Zotu3941	0	2	2	0	0	0	0	1	1	6	8	0	1	2	1	0
Zotu1528	0	4	0	1	1	0	0	2	0	1	178	0	0	0	0	0
Zotu3932	0	3	0	0	2	0	0	8	0	10	2	0	0	0	0	4
Zotu4003	0	2	0	7	0	8	0	5	1	1	1	2	9	0	3	0
Zotu1989	0	2	0	20	0	20	0	1	1	1	0	0	2	0	11	0
Zotu2778	0	3	0	0	0	0	0	0	0	1	27	0	0	0	0	19
Zotu1783	0	2	8	1	4	2	0	22	13	0	22	7	18	1	8	1
Zotu4053	0	4	2	1	0	1	0	2	0	4	2	0	0	0	0	0
Zotu3726	0	1	1	21	0	18	0	0	0	0	15	0	0	0	11	10
Zotu2892	0	1	3	1	0	4	0	1	0	0	4	1	2	1	5	1
Zotu4249	0	1	1	0	0	0	0	1	4	0	3	3	10	0	0	1
Zotu630	0	1	64	166	0	226	0	0	0	0	2	0	1	84	0	1
Zotu3487	0	4	0	1	0	1	0	0	0	10	1	0	1	0	0	27
Zotu2677	0	2	1	22	4	38	0	7	1	4	1	0	2	0	21	1
Zotu3252	0	1	0	5	1	4	0	1	2	2	0	0	1	0	3	14
Zotu4414	0	2	0	0	0	1	0	0	1	0	3	2	13	0	0	0
Zotu3265	0	1	1	5	1	9	0	0	1	1	0	0	1	1	5	0
Zotu1563	0	1	1	43	0	52	0	1	0	1	1	0	0	0	22	0
Zotu3811	0	3	1	0	3	0	0	7	0	2	0	0	0	0	0	0
Zotu564	0	1	4	1	187	0	0	325	0	1	0	6	0	0	0	0
Zotu3865	0	2	0	0	1	0	0	0	1	0	0	6	28	0	0	0
Zotu2718	0	3	0	0	0	0	0	0	5	1	15	7	41	0	0	0
Zotu2815	0	3	0	0	0	0	0	0	30	3	0	29	58	1	0	0
Zotu3694	0	4	9	0	0	5	0	3	7	1	3	2	6	1	2	3
Zotu3176	0	3	0	2	20	0	0	19	0	0	2	0	4	0	2	1
Zotu3707	0	1	1	0	0	1	0	0	4	1	2	1	5	0	0	0
Zotu442	0	1	3	261	1	332	0	0	0	0	0	0	0	0	118	0
Zotu423	0	3	0	0	488	1	0	621	0	2	0	0	2	0	0	0
Zotu3843	0	4	2	0	0	0	0	0	1	5	6	0	0	0	0	5
Zotu3049	0	1	2	1	1	1	0	0	20	2	15	13	42	2	0	3
Zotu3435	0	1	3	3	1	3	0	3	3	1	29	1	7	1	1	0
Zotu4041	0	2	6	24	0	27	0	0	0	0	0	0	0	0	15	0
Zotu2939	0	2	0	1	0	4	0	0	0	2	0	0	0	2	2	30
Zotu3800	0	1	0	0	0	0	0	0	13	1	0	7	27	0	0	0
Zotu1311	0	1	0	0	0	2	0	0	54	0	0	31	89	0	0	0
Zotu3186	0	3	0	3	2	0	0	1	1	2	3	0	1	0	3	0
Zotu3151	0	1	2	3	32	2	0	40	2	1	21	1	0	1	0	0
Zotu4280	0	1	2	4	9	4	0	7	11	1	11	7	22	0	0	0
Zotu3111	0	1	2	0	0	0	0	0	0	1	0	0	0	0	1	26
Zotu1700	0	2	0	0	43	0	0	36	0	1	4	1	2	1	1	1
Zotu2570	0	1	0	1	21	1	0	33	1	2	0	1	1	0	0	3
Zotu4365	0	1	1	0	10	0	0	24	0	1	0	0	0	0	0	0
Zotu3644	0	1	0	0	0	0	0	0	5	1	22	7	44	0	0	0
Zotu3725	0	1	2	1	0	3	0	3	1	0	2	0	1	0	1	0
Zotu3970	0	1	0	0	0	1	0	0	0	2	0	0	0	0	0	50
Zotu3916	0	1	1	0	10	1	0	3	0	0	0	0	0	0	0	0
Zotu2420	0	1	0	35	0	24	0	0	0	0	0	0	0	0	25	0
Zotu2194	0	1	0	0	28	0	0	23	7	5	0	2	20	0	0	3
Zotu4231	0	1	2	0	8	1	0	15	0	0	0	0	0	0	0	9
Zotu3432	0	5	2	0	0	0	0	1	1	4	3	3	3	3	0	1
Zotu3680	0	1	1	5	0	9	0	0	0	0	1	2	0	1	3	2
Zotu4240	0	1	0	0	1	0	0	0	1	3	30	0	0	0	0	3
Zotu3619	0	1	3	0	0	0	0	1	1	3	27	0	1	5	0	1
Zotu463	0	2	0	0	1	0	0	0	84	2	31	44	443	0	0	9
Zotu3684	0	2	0	0	0	0	0	0	0	5	16	0	0	0	0	2
Zotu2859	0	2	0	0	0	0	0	0	1	2	35	3	13	0	0	0
Zotu2708	0	1	0	0	7	0	0	7	8	0	18	8	0	0	0	3
Zotu1397	0	2	0	67	0	88	0	1	5	1	0	8	11	0	44	2
Zotu3294	0	1	0	0	0	0	0	1	8	1	56	7	14	0	0	0
Zotu1797	0	1	0	1	36	2	0	58	0	1	0	0	0	0	1	7
Zotu3705	0	1	1	0	11	1	0	15	0	0	0	0	1	1	0	0
Zotu3442	0	2	0	0	0	0	0	0	2	1	7	2	0	0	0	21
Zotu3977	0	1	1	0	0	0	0	0	0	0	0	2	4	1	1	0
Zotu3555	0	1	1	0	4	0	0	5	0	2	1	3	0	0	1	0
Zotu1578	0	2	5	48	0	70	0	0	1	2	2	0	1	2	15	1
Zotu3658	0	1	0	8	15	5	0	19	0	0	0	0	0	0	3	0
Zotu1576	0	3	0	0	0	0	0	0	40	0	37	30	56	0	1	0
Zotu1878	0	1	0	0	0	0	0	0	47	4	1	66	104	0	0	0
Zotu1575	0	1	1	0	3	0	0	1	11	0	0	67	44	0	3	0
Zotu499	0	1	0	2	0	7	0	0	0	2	0	0	0	1	3	709
Zotu1289	0	1	0	0	0	0	0	0	1	1	0	0	3	0	0	120
Zotu4440	0	1	0	0	0	1	0	25	0	1	1	0	0	0	0	5
Zotu4033	0	1	0	0	0	0	0	0	0	0	2	0	0	0	0	22
Zotu3180	0	1	3	3	1	11	0	4	2	1	10	4	3	1	5	2
Zotu1646	0	1	0	49	0	28	0	0	7	1	1	1	8	0	22	0
Zotu1800	0	1	0	0	0	1	0	0	0	0	0	0	0	0	0	187
Zotu3088	0	1	0	0	0	1	0	0	0	0	56	0	0	0	0	0
Zotu871	0	1	21	94	0	101	0	0	0	0	5	0	0	43	0	0
Zotu3122	0	1	1	5	7	4	0	9	10	4	33	5	16	0	2	11
Zotu2121	0	1	0	6	24	7	0	46	0	0	0	0	0	0	4	0
Zotu4077	0	1	0	0	0	0	0	2	10	2	1	7	10	0	1	0
Zotu3488	0	1	0	0	0	0	0	0	4	0	2	3	15	0	0	1
Zotu3436	0	1	0	0	2	0	0	5	2	1	0	1	3	0	0	6
Zotu2898	0	1	4	20	0	23	0	0	0	0	1	0	0	0	13	0
Zotu4193	0	1	1	0	0	0	0	0	2	1	0	0	0	0	1	17
Zotu3790	0	1	0	9	0	8	0	0	0	1	0	0	0	0	14	0
Zotu2238	0	1	0	34	0	39	0	0	0	5	4	0	0	0	31	12
Zotu2812	0	1	0	28	0	32	0	1	0	0	0	0	0	0	7	0
Zotu3033	0	1	0	2	0	0	0	0	0	0	0	0	0	1	0	64
Zotu2897	0	0	3	6	0	1	0	0	5	0	3	3	5	0	2	0
Zotu3535	0	0	2	14	0	22	0	0	8	1	0	6	15	1	10	0
Zotu859	0	0	22	123	0	216	0	0	0	0	3	0	0	5	0	1
Zotu1868	0	0	1	68	20	38	0	39	0	3	0	0	0	0	46	0
Zotu4384	0	0	9	28	0	38	0	0	0	0	0	1	3	1	15	1
Zotu2692	0	0	1	20	0	46	0	0	0	3	0	0	0	1	18	0
Zotu2243	0	0	2	35	0	19	0	0	0	0	1	1	0	0	65	0
Zotu3911	0	0	1	1	2	3	0	10	0	0	0	0	0	0	0	0
Zotu3859	0	0	2	4	0	1	0	0	0	0	0	0	0	0	4	1
Zotu4413	0	0	6	1	5	1	0	8	1	0	4	6	0	1	0	2
Zotu1873	0	0	6	0	14	2	0	36	0	0	11	0	1	2	0	3
Zotu3804	0	0	2	1	2	2	0	0	4	6	7	3	16	1	4	0
Zotu1093	0	0	9	58	38	50	0	36	0	0	0	0	0	2	47	0
Zotu4385	0	0	6	9	0	14	0	0	2	0	0	0	1	0	6	0
Zotu3595	0	0	1	0	0	1	0	0	0	0	0	0	0	0	0	33
Zotu1221	0	0	1	0	119	3	0	175	0	0	0	1	1	0	0	0
Zotu4335	0	0	2	2	0	2	0	1	5	1	1	3	7	4	2	4
Zotu717	0	0	3	196	0	172	0	1	0	1	0	0	0	0	183	0
Zotu3476	0	0	3	0	0	0	0	1	3	3	50	3	7	0	1	2
Zotu4366	0	0	1	0	10	0	0	13	1	0	3	3	1	0	1	2
Zotu3722	0	0	2	24	0	21	0	0	0	0	0	0	0	4	7	0
Zotu4233	0	0	1	0	0	0	0	0	4	0	0	1	14	0	0	0
Zotu2312	0	0	2	20	0	31	0	0	0	0	0	0	0	0	17	0
Zotu2754	0	0	5	12	0	16	0	0	0	0	0	1	0	0	5	0
Zotu3106	0	0	4	4	0	5	0	0	0	0	0	0	0	0	5	24
Zotu4283	0	0	3	7	0	14	0	0	2	1	1	2	1	0	5	0
Zotu2698	0	0	1	1	0	3	0	2	10	0	0	9	30	1	2	2
Zotu622	0	0	2	14	150	26	0	240	0	0	1	0	0	0	24	1
Zotu291	0	0	4	294	40	313	0	159	0	0	0	0	0	1	160	0
Zotu2893	0	0	4	17	5	10	0	6	1	0	1	0	3	1	7	0
Zotu1889	0	0	3	3	0	0	0	0	0	0	0	0	0	0	1	58
Zotu4098	0	0	5	10	0	3	0	0	0	0	2	0	0	2	2	70
Zotu4062	0	0	1	0	2	0	0	3	7	0	5	5	7	0	0	0
Zotu4061	0	0	7	7	1	6	0	0	1	0	3	1	3	4	0	0
Zotu4022	0	0	2	8	0	4	0	0	0	0	0	0	0	0	4	0
Zotu2868	0	0	1	0	0	0	0	0	0	0	0	0	0	0	0	61
Zotu1845	0	0	1	7	0	10	0	0	0	0	1	0	0	0	4	106
Zotu3860	0	0	2	4	0	5	0	2	2	0	0	3	0	0	4	0
Zotu2480	0	0	4	12	38	14	0	69	1	0	0	1	0	0	11	1
Zotu2697	0	0	1	0	0	0	0	0	6	1	17	2	14	0	0	19
Zotu1005	0	0	1	0	1	0	0	0	0	0	195	0	2	0	1	9
Zotu2472	0	0	1	1	4	4	0	15	7	0	3	1	8	0	8	3
Zotu4102	0	0	2	0	0	0	0	0	0	0	0	0	0	0	0	47
Zotu3563	0	0	3	0	0	0	0	0	0	0	2	0	1	1	2	0
Zotu2523	0	0	1	0	0	1	0	0	12	0	1	12	16	0	0	0
Zotu3698	0	0	3	1	0	4	0	0	0	0	0	0	0	1	2	45
Zotu3636	0	0	9	3	0	3	0	0	0	0	0	1	1	0	1	0
Zotu1231	0	0	2	40	0	55	0	2	0	0	1	0	0	0	27	116
Zotu1693	0	0	2	5	0	7	0	0	0	0	0	0	0	1	8	149
Zotu3131	0	0	2	2	17	2	0	28	2	0	1	2	5	1	0	1
Zotu3339	0	0	2	2	1	2	0	0	1	4	4	0	5	0	0	9
Zotu4186	0	0	3	0	21	0	0	27	0	0	0	0	1	1	0	1
Zotu3920	0	0	7	7	1	4	0	0	0	0	0	0	1	1	1	0
Zotu3036	0	0	1	5	0	10	0	0	1	0	2	1	0	0	11	18
Zotu4409	0	0	1	3	0	6	0	0	2	1	1	2	1	0	2	0
Zotu4044	0	0	1	0	0	1	0	0	0	0	10	0	0	0	0	0
Zotu3370	0	0	2	1	0	1	0	0	0	0	0	0	0	0	0	25
Zotu2048	0	0	6	2	33	1	0	64	1	0	2	0	1	2	1	19
Zotu584	0	0	4	3	0	4	0	0	0	1	0	0	0	2	1	511
Zotu4252	0	0	1	0	0	0	0	0	0	0	0	0	0	1	0	36
Zotu4370	0	0	4	0	0	0	0	0	0	3	16	0	0	4	0	0
Zotu3098	0	0	2	17	3	16	0	4	0	0	1	0	1	0	4	6
Zotu3944	0	0	1	0	0	0	0	0	0	0	1	0	0	1	0	55
Zotu4358	0	0	3	3	1	3	0	0	2	0	0	0	2	1	2	0
Zotu666	0	0	1	17	7	16	0	8	0	0	0	0	0	1	7	447
Zotu1486	0	0	1	10	0	11	0	0	0	0	0	0	0	0	7	158
Zotu2842	0	0	1	24	0	21	0	0	0	0	0	0	0	0	18	0
Zotu4101	0	0	3	0	0	0	0	0	8	0	0	7	18	0	0	0
Zotu3986	0	0	2	2	2	0	0	0	8	2	0	6	10	0	0	0
Zotu3094	0	0	3	9	0	13	0	0	0	7	0	0	0	0	4	1
Zotu1669	0	0	2	70	0	60	0	0	1	0	0	0	0	1	45	0
Zotu3189	0	0	2	8	0	7	0	2	0	0	0	0	0	0	9	0
Zotu2306	0	0	4	0	0	0	0	0	0	0	0	0	0	0	0	85
Zotu3683	0	0	1	1	0	1	0	1	1	0	35	0	2	1	1	0
Zotu1343	0	0	2	36	3	52	0	7	0	2	7	0	0	3	25	1
Zotu2741	0	0	2	1	0	2	0	0	0	0	1	0	0	0	3	75
Zotu1219	0	0	1	0	0	0	0	0	0	0	0	0	0	0	0	280
Zotu54	0	0	1	1	0	0	0	0	0	2	0	1	0	0	0	4546
Zotu3720	0	0	2	0	0	0	0	1	0	0	0	0	0	0	0	87
Zotu3899	0	0	1	1	0	0	0	0	0	0	0	0	0	0	0	33
Zotu1363	0	0	5	3	0	4	0	0	0	0	0	0	0	0	2	176
Zotu4321	0	0	1	6	1	10	0	0	0	0	0	0	0	0	4	2
Zotu3708	0	0	3	0	0	0	0	0	0	0	0	0	0	3	0	51
Zotu479	0	0	1	5	0	695	0	0	0	1	0	0	1	0	8	0
Zotu2265	0	0	1	1	0	0	0	0	0	0	0	0	0	1	0	147
Zotu2628	0	0	1	0	0	0	0	1	0	0	108	0	0	0	0	0
Zotu2925	0	0	1	2	0	0	0	0	0	0	0	0	0	0	1	44
Zotu1003	0	0	1	3	0	4	0	0	0	0	0	0	0	0	0	306
Zotu3717	0	0	2	0	2	0	0	3	1	0	0	0	1	0	1	0
Zotu2931	0	0	2	0	0	0	0	1	0	1	38	0	0	0	0	0
Zotu2431	0	0	1	1	0	1	0	0	0	0	0	0	0	0	0	81
Zotu2320	0	0	1	3	0	2	0	0	0	0	1	0	0	0	2	127
Zotu1982	0	0	1	0	26	0	0	104	0	0	0	0	0	0	0	0
Zotu4250	0	0	1	0	0	0	0	0	0	0	0	1	0	0	0	96
Zotu4052	0	0	1	0	26	0	0	42	0	4	0	0	0	0	0	1
Zotu2228	0	0	1	26	17	33	0	12	0	0	0	0	0	0	34	0
Zotu3324	0	0	1	0	0	0	0	0	9	0	0	12	42	0	0	0
Zotu3806	0	0	1	14	0	24	0	0	0	0	0	0	0	1	7	0
Zotu2647	0	0	1	2	0	1	0	0	0	0	0	0	0	0	1	71
Zotu4206	0	0	1	1	0	1	0	0	0	4	2	0	1	2	0	1
Zotu3924	0	0	1	0	15	0	0	19	0	0	2	0	1	0	1	0
Zotu4235	0	0	1	3	0	5	0	6	0	0	1	0	0	1	3	1
Zotu416	0	0	1	0	0	0	0	0	0	0	0	0	0	0	1	698
Zotu4145	0	0	1	0	0	1	0	0	0	0	0	0	1	0	0	42
Zotu3280	0	0	1	20	0	17	0	0	0	0	2	1	1	0	14	1
Zotu4054	0	0	1	3	2	4	0	6	0	0	0	0	0	0	1	0
Zotu1323	0	0	1	0	0	0	0	0	50	2	8	26	67	0	0	14
Zotu1054	0	0	1	21	0	17	0	0	0	0	5	0	0	2	10	235
Zotu4292	0	0	1	0	0	6	0	0	0	0	0	2	0	0	5	2
Zotu4236	0	0	1	0	1	0	0	0	0	0	6	0	3	1	2	4
Zotu2941	0	0	1	39	0	41	0	0	0	0	0	0	0	1	17	0
Zotu2717	0	0	0	40	0	57	0	0	0	0	0	0	0	0	25	0
Zotu281	0	0	0	427	0	596	0	0	0	0	1	0	0	0	293	0
Zotu575	0	0	0	254	0	435	0	0	0	0	0	0	0	0	170	0
Zotu2505	0	0	0	17	16	22	0	30	0	0	0	0	0	0	7	0
Zotu249	0	0	0	377	0	519	0	0	7	0	0	0	1	0	228	3
Zotu2994	0	0	0	2	3	3	0	0	0	0	0	0	0	0	2	34
Zotu222	0	0	0	200	324	189	0	541	0	1	0	0	0	0	69	1
Zotu2578	0	0	0	24	0	31	0	0	0	0	0	0	0	1	61	0
Zotu1253	0	0	0	67	0	69	0	0	0	0	0	0	0	1	59	0
Zotu2509	0	0	0	20	0	32	0	0	0	0	0	0	0	0	10	1
Zotu3326	0	0	0	5	8	10	0	32	0	0	0	0	0	0	3	0
Zotu1467	0	0	0	48	13	37	0	22	0	0	0	0	0	0	28	0
Zotu434	0	0	0	199	0	208	0	0	67	2	0	49	151	0	146	0
Zotu2435	0	0	0	25	0	31	0	5	1	1	0	1	0	0	26	3
Zotu1049	0	0	0	34	40	43	0	43	11	0	0	11	16	0	34	0
Zotu3474	0	0	0	19	0	21	0	0	0	0	3	0	0	0	9	0
Zotu2803	0	0	0	24	0	25	0	0	0	0	0	0	0	0	16	0
Zotu1474	0	0	0	44	1	80	0	3	0	0	1	0	0	0	30	0
Zotu1914	0	0	0	42	0	65	0	2	0	3	0	0	0	0	21	1
Zotu569	0	0	0	213	0	263	0	0	0	0	0	0	0	0	155	0
Zotu1502	0	0	0	70	0	94	0	0	0	0	0	0	2	0	52	0
Zotu1823	0	0	0	46	0	29	0	0	0	1	0	0	0	0	32	0
Zotu4339	0	0	0	34	0	32	0	0	0	0	0	0	0	0	28	0
Zotu1755	0	0	0	17	0	18	0	0	0	0	4	0	0	2	4	136
Zotu1373	0	0	0	15	48	16	0	53	6	0	0	10	16	1	9	2
Zotu1379	0	0	0	52	0	79	0	0	0	0	0	0	0	0	35	0
Zotu2051	0	0	0	44	0	65	0	0	0	0	0	0	0	0	49	0
Zotu2796	0	0	0	26	0	13	0	0	0	0	0	0	0	0	15	0
Zotu1618	0	0	0	34	0	33	0	0	11	1	0	5	10	0	42	0
Zotu3663	0	0	0	15	0	13	0	0	0	0	0	0	0	0	11	0
Zotu2795	0	0	0	9	0	20	0	0	0	0	0	0	0	0	17	0
Zotu1639	0	0	0	47	0	48	0	0	0	0	0	0	0	0	22	0
Zotu1610	0	0	0	63	0	52	0	1	0	0	0	0	0	0	59	0
Zotu2328	0	0	0	50	1	47	0	0	0	0	0	1	0	0	31	0
Zotu2817	0	0	0	38	0	64	0	0	0	1	0	0	0	0	26	0
Zotu1980	0	0	0	41	0	50	0	0	5	1	6	3	7	0	24	0
Zotu2256	0	0	0	29	0	34	0	0	0	0	0	0	0	1	16	0
Zotu1304	0	0	0	52	5	61	0	8	0	0	0	0	0	1	30	9
Zotu2459	0	0	0	29	2	28	0	3	7	0	2	7	20	1	19	0
Zotu1999	0	0	0	59	0	31	0	0	0	0	0	0	0	0	44	0
Zotu3270	0	0	0	21	0	24	0	0	0	0	0	0	0	0	6	36
Zotu2790	0	0	0	27	0	44	0	0	0	0	1	0	0	0	19	0
Zotu1933	0	0	0	31	0	45	0	0	1	0	4	0	0	0	23	0
Zotu4151	0	0	0	2	0	6	0	0	0	0	0	0	0	0	2	0
Zotu2346	0	0	0	35	0	41	0	0	0	0	0	0	0	0	21	1
Zotu4341	0	0	0	10	0	6	0	0	0	0	0	0	0	0	6	0
Zotu275	0	0	0	6	425	3	0	813	0	0	1	1	9	0	3	0
Zotu2541	0	0	0	24	0	27	0	0	0	0	0	0	0	0	6	0
Zotu1585	0	0	0	55	0	79	0	0	0	0	0	0	0	0	38	0
Zotu3597	0	0	0	1	17	3	0	22	0	0	0	0	0	0	0	0
Zotu2478	0	0	0	42	0	46	0	0	0	0	0	0	0	0	16	0
Zotu3999	0	0	0	20	0	10	0	0	0	0	0	0	0	0	10	0
Zotu2728	0	0	0	4	7	7	0	19	0	0	0	0	0	1	6	0
Zotu3590	0	0	0	11	0	6	0	3	0	0	0	0	0	0	6	1
Zotu2322	0	0	0	3	0	7	0	0	0	1	1	0	0	0	1	87
Zotu3303	0	0	0	14	0	41	0	0	0	0	0	0	0	0	20	0
Zotu3375	0	0	0	18	0	7	0	0	0	0	0	0	0	0	6	0
Zotu3010	0	0	0	19	0	26	0	0	1	1	0	0	0	0	16	0
Zotu3928	0	0	0	17	0	31	0	0	0	0	0	0	0	0	15	0
Zotu2668	0	0	0	1	0	89	0	0	0	0	0	0	0	0	0	0
Zotu2135	0	0	0	12	2	16	0	11	0	1	0	0	0	0	8	30
Zotu1194	0	0	0	56	0	50	0	0	0	0	0	0	0	0	37	1
Zotu2434	0	0	0	18	0	17	0	0	0	0	0	0	0	0	37	0
Zotu2760	0	0	0	7	0	11	0	0	0	0	3	0	0	0	8	42
Zotu2115	0	0	0	34	0	39	0	1	0	0	0	0	0	0	16	0
Zotu2875	0	0	0	12	0	10	0	0	2	0	0	2	4	0	5	33
Zotu1772	0	0	0	46	0	33	0	0	1	0	0	0	0	0	61	0
Zotu1979	0	0	0	53	0	91	0	1	0	0	0	0	0	0	43	0
Zotu580	0	0	0	1	2	0	0	3	0	0	0	0	0	0	0	535
Zotu2117	0	0	0	11	0	6	0	0	0	0	4	1	3	1	3	107
Zotu4160	0	0	0	15	0	14	0	0	0	0	0	0	0	0	10	0
Zotu3495	0	0	0	3	0	3	0	0	0	0	0	0	0	0	1	119
Zotu1433	0	0	0	5	0	3	0	0	0	0	0	0	0	0	1	87
Zotu4274	0	0	0	19	0	19	0	0	0	0	0	0	0	1	8	0
Zotu3485	0	0	0	9	0	8	0	0	0	0	0	0	0	0	5	0
Zotu3688	0	0	0	20	0	8	0	0	0	0	0	0	0	0	14	0
Zotu2436	0	0	0	17	16	21	0	20	0	0	0	0	0	0	5	0
Zotu244	0	0	0	3	0	3	0	0	0	0	1	0	0	0	2	1305
Zotu3695	0	0	0	28	0	18	0	0	0	0	0	0	0	0	4	0
Zotu4207	0	0	0	18	0	21	0	0	0	1	0	0	6	0	11	0
Zotu1902	0	0	0	32	0	44	0	0	0	0	0	0	0	0	16	0
Zotu2489	0	0	0	2	52	3	0	58	0	0	0	0	0	0	7	0
Zotu3666	0	0	0	5	16	3	0	26	0	0	0	1	0	0	3	0
Zotu2074	0	0	0	31	2	22	0	8	0	1	0	0	0	0	17	1
Zotu3359	0	0	0	4	2	7	0	6	0	3	2	0	0	0	4	1
Zotu4424	0	0	0	13	0	6	0	0	0	0	0	0	0	0	7	0
Zotu3429	0	0	0	8	0	9	0	0	0	0	0	0	0	0	13	0
Zotu2716	0	0	0	12	4	13	0	8	0	0	0	0	0	0	8	0
Zotu4078	0	0	0	14	0	8	0	0	0	0	0	1	0	0	11	0
Zotu3670	0	0	0	8	7	6	0	12	0	0	0	0	0	0	7	0
Zotu4345	0	0	0	2	5	5	0	15	0	0	0	0	0	0	1	0
Zotu1285	0	0	0	1	62	1	0	112	0	1	0	0	0	0	0	10
Zotu2444	0	0	0	2	6	4	0	6	10	1	0	4	9	0	0	1
Zotu2474	0	0	0	1	56	0	0	90	4	0	8	0	1	0	0	1
Zotu2218	0	0	0	32	0	33	0	0	0	0	0	0	0	0	36	0
Zotu2644	0	0	0	23	0	32	0	0	0	0	0	0	0	1	14	1
Zotu2879	0	0	0	19	0	23	0	0	0	0	7	0	0	0	10	0
Zotu2271	0	0	0	10	0	18	0	0	4	0	1	4	5	0	7	7
Zotu3422	0	0	0	7	0	12	0	0	0	0	0	0	0	0	6	0
Zotu2702	0	0	0	17	0	19	0	0	0	0	0	0	0	0	16	0
Zotu4270	0	0	0	3	0	1	0	0	0	0	0	0	0	0	0	57
Zotu3081	0	0	0	8	8	12	0	16	22	2	0	1	4	0	3	0
Zotu2515	0	0	0	7	0	11	0	0	0	0	2	0	0	0	24	0
Zotu2345	0	0	0	18	0	26	0	0	0	0	0	0	0	0	33	0
Zotu2844	0	0	0	9	7	9	0	21	0	0	0	0	0	0	5	0
Zotu1805	0	0	0	20	0	9	0	0	0	0	43	0	0	0	5	0
Zotu4161	0	0	0	5	0	16	0	0	0	0	1	0	0	0	9	0
Zotu4466	0	0	0	6	0	0	0	0	3	0	0	1	0	0	0	22
Zotu2337	0	0	0	2	0	3	0	0	0	0	1	0	0	0	3	115
Zotu3969	0	0	0	10	0	18	0	0	0	0	0	0	0	0	9	0
Zotu367	0	0	0	1	0	0	0	0	0	0	1	0	1	0	0	726
Zotu1835	0	0	0	2	0	3	0	0	0	0	0	0	0	0	3	82
Zotu2166	0	0	0	5	0	6	0	0	0	0	0	0	0	0	4	75
Zotu3818	0	0	0	6	0	9	0	0	0	0	1	0	1	0	9	0
Zotu3096	0	0	0	3	11	1	0	5	0	0	0	0	0	0	1	39
Zotu3128	0	0	0	11	0	17	0	0	0	0	0	0	0	0	8	0
Zotu854	0	0	0	9	72	8	0	144	0	0	0	0	0	4	8	0
Zotu1406	0	0	0	2	0	3	0	0	0	0	0	0	0	0	1	154
Zotu2806	0	0	0	3	0	1	0	0	0	0	45	0	4	0	4	0
Zotu2723	0	0	0	2	38	3	0	47	0	0	0	0	3	0	2	0
Zotu4244	0	0	0	6	5	9	0	8	0	0	0	0	0	0	13	0
Zotu3946	0	0	0	3	0	2	0	0	0	0	0	0	0	1	2	44
Zotu4181	0	0	0	12	1	11	0	0	0	1	0	0	0	0	12	0
Zotu2852	0	0	0	4	23	4	0	31	0	0	0	1	1	0	4	0
Zotu994	0	0	0	1	128	0	0	175	0	0	1	0	0	0	0	4
Zotu3872	0	0	0	2	2	1	0	2	8	0	0	9	26	0	0	1
Zotu3196	0	0	0	14	0	11	0	0	0	0	0	0	0	0	11	0
Zotu3819	0	0	0	9	11	11	0	7	0	0	0	0	0	0	4	0
Zotu3451	0	0	0	2	0	0	0	0	0	0	0	0	0	0	0	28
Zotu2609	0	0	0	2	0	2	0	0	0	0	0	0	0	0	1	49
Zotu3676	0	0	0	4	0	9	0	0	0	0	0	0	0	0	17	0
Zotu3979	0	0	0	3	0	10	0	0	0	0	0	0	0	1	1	0
Zotu2902	0	0	0	4	0	1	0	0	0	0	0	0	0	0	0	108
Zotu3693	0	0	0	5	2	12	0	8	0	0	1	0	0	4	2	2
Zotu3368	0	0	0	13	0	13	0	0	0	0	0	0	0	0	6	0
Zotu3446	0	0	0	2	16	2	0	35	0	1	0	0	0	0	1	0
Zotu2497	0	0	0	4	1	16	0	2	0	0	0	0	0	0	73	0
Zotu4048	0	0	0	5	18	3	0	28	0	0	0	0	0	0	1	0
Zotu4104	0	0	0	1	0	2	0	0	0	0	0	0	0	0	0	29
Zotu3384	0	0	0	2	6	0	0	9	0	0	0	0	0	0	1	0
Zotu2889	0	0	0	1	9	5	0	18	0	1	1	0	0	1	2	0
Zotu3162	0	0	0	5	7	4	0	17	0	0	0	0	0	0	1	0
Zotu1412	0	0	0	1	0	6	0	0	0	1	1	0	0	0	1	148
Zotu4097	0	0	0	2	0	1	0	0	0	0	1	0	0	0	0	37
Zotu1952	0	0	0	1	1	155	0	0	0	0	0	0	0	0	0	0
Zotu2645	0	0	0	1	0	0	0	0	0	0	0	0	0	0	0	130
Zotu2566	0	0	0	30	0	35	0	0	0	1	0	0	0	0	13	0
Zotu3730	0	0	0	1	0	1	0	0	0	0	0	0	0	0	0	73
Zotu3875	0	0	0	9	0	0	0	0	0	1	0	0	0	0	2	0
Zotu3225	0	0	0	4	7	2	0	10	0	0	5	0	0	0	5	10
Zotu3090	0	0	0	12	0	19	0	0	0	0	0	0	0	0	7	0
Zotu1898	0	0	0	7	24	37	0	28	0	0	0	0	0	0	84	0
Zotu3584	0	0	0	5	0	7	0	0	0	0	0	0	0	0	1	2
Zotu1555	0	0	0	2	0	2	0	0	2	0	0	1	3	0	0	150
Zotu2561	0	0	0	1	0	2	0	0	0	0	0	0	0	0	1	85
Zotu3628	0	0	0	1	0	0	0	0	0	0	0	0	0	0	1	36
Zotu2657	0	0	0	7	0	15	0	0	15	0	1	7	9	0	2	0
Zotu2740	0	0	0	4	0	0	0	0	0	0	0	0	0	0	0	27
Zotu4415	0	0	0	1	0	0	0	0	0	0	0	0	0	0	0	22
Zotu2855	0	0	0	1	0	1	0	0	0	0	0	0	0	0	1	51
Zotu3160	0	0	0	1	0	0	0	0	0	0	0	0	0	0	0	51
Zotu3982	0	0	0	4	0	0	0	0	3	1	0	0	2	0	4	0
Zotu4239	0	0	0	5	0	3	0	0	1	0	0	1	0	0	1	20
Zotu3213	0	0	0	1	0	0	0	0	1	0	0	1	0	1	0	46
Zotu2672	0	0	0	1	1	2	0	0	0	0	0	0	0	0	2	64
Zotu3404	0	0	0	6	0	20	0	7	0	0	0	1	0	0	6	0
Zotu4289	0	0	0	1	0	0	0	0	1	1	2	2	2	0	0	0
Zotu3286	0	0	0	7	11	7	0	14	0	0	0	0	0	1	4	1
Zotu1199	0	0	0	1	0	0	0	0	0	0	0	1	0	0	0	212
Zotu4286	0	0	0	3	0	2	0	0	0	0	1	0	0	0	0	145
Zotu2400	0	0	0	1	0	3	0	0	13	1	0	13	28	5	1	0
Zotu2765	0	0	0	1	0	0	0	0	0	0	0	0	0	0	0	90
Zotu3543	0	0	0	1	10	0	0	22	0	0	0	0	1	0	0	0
Zotu374	0	0	0	2	307	0	0	487	1	0	1	0	0	0	0	0
Zotu1473	0	0	0	1	0	1	0	0	0	0	0	0	0	1	1	118
Zotu2348	0	0	0	1	0	1	0	0	0	0	0	0	0	0	0	84
Zotu2707	0	0	0	1	0	1	0	0	2	1	0	0	0	2	0	129
Zotu2349	0	0	0	1	0	0	0	0	20	0	0	8	34	0	0	0
Zotu4111	0	0	0	1	0	0	0	0	0	0	0	0	0	0	0	31
Zotu4374	0	0	0	1	0	6	0	0	0	0	0	0	0	0	10	0
Zotu330	0	0	0	1	0	0	0	0	0	0	1	0	0	0	0	766
Zotu334	0	0	0	3	0	10	0	1	0	0	1	0	0	0	3	947
Zotu3763	0	0	0	1	0	0	0	0	0	0	0	0	0	0	0	22
Zotu2309	0	0	0	1	0	0	0	0	0	0	0	0	0	0	0	205
Zotu2023	0	0	0	1	0	2	0	0	0	0	0	0	0	0	0	91
Zotu4011	0	0	0	1	0	0	0	0	0	0	0	0	0	0	0	46
Zotu3750	0	0	0	2	0	5	0	0	0	1	0	0	0	1	2	59
Zotu4454	0	0	0	1	0	3	0	17	3	0	0	0	2	0	0	0
Zotu4162	0	0	0	1	0	2	0	0	0	0	1	0	0	0	0	50
Zotu3792	0	0	0	1	1	0	0	2	9	0	2	8	13	0	1	0
Zotu2262	0	0	0	1	0	0	0	0	0	0	0	0	0	1	0	148
Zotu2354	0	0	0	1	0	2	0	0	25	0	4	31	24	0	0	0
Zotu1722	0	0	0	1	0	0	0	0	0	0	0	0	0	0	0	146
Zotu1281	0	0	0	1	0	0	0	0	0	0	0	0	0	0	0	272
Zotu1589	0	0	0	1	0	1	0	0	0	0	0	0	0	0	0	139
Zotu4042	0	0	0	1	1	2	0	5	0	0	0	0	0	0	0	5
Zotu3209	0	0	0	1	0	0	0	0	0	0	0	0	0	0	1	56
Zotu2712	0	0	0	1	0	0	0	0	1	0	0	0	1	0	0	61
Zotu4242	0	0	0	1	11	3	0	8	0	0	0	0	0	0	9	0
Zotu1875	0	0	0	0	37	0	0	55	0	0	0	0	0	0	0	0
Zotu1462	0	0	0	0	37	0	0	50	0	0	0	0	0	0	0	0
Zotu944	0	0	0	0	103	0	0	107	0	0	53	0	0	0	0	0
Zotu4284	0	0	0	0	14	3	0	25	1	0	0	2	2	0	0	0
Zotu466	0	0	0	0	321	1	0	401	2	0	0	0	0	0	0	0
Zotu2630	0	0	0	0	61	0	0	76	0	0	1	0	0	0	0	0
Zotu376	0	0	0	0	339	0	0	554	0	1	0	0	0	0	0	0
Zotu1393	0	0	0	0	49	1	0	56	5	3	3	1	11	0	0	18
Zotu329	0	0	0	0	392	0	0	621	10	0	0	0	10	0	0	0
Zotu3766	0	0	0	0	21	0	0	25	0	0	0	0	0	0	0	0
Zotu3509	0	0	0	0	19	0	0	25	0	0	0	0	0	0	0	0
Zotu961	0	0	0	0	113	0	0	201	0	1	0	0	0	1	0	8
Zotu4449	0	0	0	0	34	0	0	42	0	0	0	0	0	0	0	0
Zotu3159	0	0	0	0	18	0	0	9	0	0	0	0	0	0	0	0
Zotu2983	0	0	0	0	37	0	0	32	1	0	0	1	2	0	0	19
Zotu3507	0	0	0	0	8	0	0	27	0	0	0	0	0	0	0	0
Zotu3629	0	0	0	0	8	0	0	18	1	0	0	0	0	0	0	0
Zotu1568	0	0	0	0	37	1	0	94	0	0	0	0	0	0	0	0
Zotu1839	0	0	0	0	47	0	0	80	0	0	0	0	0	0	0	0
Zotu3992	0	0	0	0	21	0	0	43	0	0	0	0	0	1	0	0
Zotu2211	0	0	0	0	3	0	0	0	14	0	2	12	22	0	0	4
Zotu2709	0	0	0	0	22	0	0	19	0	0	0	0	0	0	0	0
Zotu3095	0	0	0	0	15	0	0	44	0	0	0	0	0	0	0	0
Zotu1836	0	0	0	0	49	1	0	86	0	0	1	0	0	0	0	0
Zotu1856	0	0	0	0	33	0	0	58	0	0	0	0	0	0	0	1
Zotu4275	0	0	0	0	15	0	0	20	0	0	0	0	0	0	0	0
Zotu3998	0	0	0	0	97	0	0	163	0	0	0	0	0	0	0	0
Zotu1174	0	0	0	0	64	0	0	89	0	0	0	0	0	0	0	0
Zotu3012	0	0	0	0	34	0	0	69	0	0	0	0	0	0	0	0
Zotu2886	0	0	0	0	29	0	0	27	0	0	0	0	0	0	0	0
Zotu693	0	0	0	0	1	1	0	0	0	0	0	0	0	0	0	479
Zotu3237	0	0	0	0	21	0	0	32	0	0	0	0	0	0	0	0
Zotu2813	0	0	0	0	34	0	0	53	0	0	0	0	0	0	0	0
Zotu3360	0	0	0	0	26	0	0	24	0	0	2	0	0	0	1	0
Zotu957	0	0	0	0	42	1	0	72	37	2	0	30	103	0	0	23
Zotu2637	0	0	0	0	27	0	0	24	0	0	0	0	0	0	0	0
Zotu1852	0	0	0	0	44	3	0	58	0	0	0	0	0	0	1	0
Zotu3514	0	0	0	0	20	0	0	28	0	1	2	0	4	0	0	0
Zotu2972	0	0	0	0	38	0	0	29	0	1	0	0	0	0	0	5
Zotu2987	0	0	0	0	28	0	0	48	0	0	0	0	0	0	0	0
Zotu2767	0	0	0	0	26	0	0	22	0	0	0	0	0	0	0	0
Zotu3308	0	0	0	0	22	0	0	50	0	0	0	0	0	0	0	0
Zotu1072	0	0	0	0	1	0	0	0	0	0	0	0	0	0	0	304
Zotu2978	0	0	0	0	21	0	0	27	0	0	0	0	0	0	0	0
Zotu2802	0	0	0	0	32	1	0	32	19	2	13	4	12	0	1	0
Zotu4036	0	0	0	0	19	0	0	18	0	0	0	0	0	0	0	0
Zotu4405	0	0	0	0	4	0	0	10	0	0	0	0	0	0	0	0
Zotu4355	0	0	0	0	17	0	0	22	0	0	0	0	0	0	0	0
Zotu3391	0	0	0	0	21	0	0	22	0	1	0	0	0	0	0	0
Zotu3687	0	0	0	0	25	0	0	32	0	0	0	0	0	0	0	0
Zotu2131	0	0	0	0	28	0	0	60	0	0	0	0	0	0	0	0
Zotu3602	0	0	0	0	21	0	0	43	0	0	0	0	0	0	1	0
Zotu3712	0	0	0	0	12	0	0	19	0	0	0	0	0	0	0	0
Zotu2448	0	0	0	0	4	0	0	6	9	0	0	24	31	0	0	0
Zotu3144	0	0	0	0	17	1	0	32	0	0	0	0	0	0	0	0
Zotu2351	0	0	0	0	23	0	0	30	0	0	0	0	0	0	0	0
Zotu4080	0	0	0	0	15	0	0	9	0	0	0	0	0	0	0	0
Zotu4198	0	0	0	0	9	0	0	11	0	0	0	0	0	0	0	0
Zotu2680	0	0	0	0	23	1	0	42	0	0	0	0	1	0	0	0
Zotu3655	0	0	0	0	11	0	0	33	0	0	0	0	0	0	0	0
Zotu1383	0	0	0	0	40	0	0	34	0	0	92	0	0	0	0	0
Zotu2582	0	0	0	0	13	0	0	29	12	0	0	17	12	0	0	1
Zotu3918	0	0	0	0	10	0	0	10	0	1	0	0	0	0	0	0
Zotu2372	0	0	0	0	22	2	0	45	1	1	1	0	0	0	1	0
Zotu3295	0	0	0	0	8	0	0	4	3	2	16	3	7	0	0	0
Zotu1484	0	0	0	0	10	1	0	15	0	0	0	0	0	0	1	95
Zotu3598	0	0	0	0	18	0	0	13	2	0	5	0	0	0	0	0
Zotu4446	0	0	0	0	13	0	0	0	5	1	0	5	39	0	0	0
Zotu4114	0	0	0	0	11	0	0	40	0	0	0	0	0	0	0	0
Zotu4333	0	0	0	0	8	0	0	24	0	0	0	0	0	0	0	0
Zotu4133	0	0	0	0	6	0	0	11	0	0	0	0	0	0	0	0
Zotu4354	0	0	0	0	15	0	0	20	0	1	0	0	0	0	0	0
Zotu3126	0	0	0	0	8	0	0	14	0	0	0	0	0	0	0	0
Zotu3573	0	0	0	0	4	0	0	9	0	0	0	0	0	0	0	1
Zotu3205	0	0	0	0	18	0	0	15	3	0	0	2	8	0	0	0
Zotu4322	0	0	0	0	7	0	0	2	0	0	0	0	0	0	0	18
Zotu2392	0	0	0	0	7	0	0	17	4	0	0	7	10	0	0	0
Zotu2305	0	0	0	0	1	1	0	3	6	1	1	5	36	0	0	0
Zotu4452	0	0	0	0	8	0	0	10	5	0	28	5	9	0	0	0
Zotu3879	0	0	0	0	1	0	0	2	0	0	2	0	0	0	0	25
Zotu3873	0	0	0	0	8	0	0	9	0	0	0	0	0	0	0	0
Zotu2781	0	0	0	0	2	0	0	1	12	1	8	11	9	0	0	6
Zotu3948	0	0	0	0	8	0	0	9	11	0	0	9	8	0	0	0
Zotu2246	0	0	0	0	2	0	0	0	4	0	0	1	61	0	0	0
Zotu3674	0	0	0	0	5	0	0	13	0	0	0	0	0	0	0	0
Zotu3984	0	0	0	0	1	2	0	0	26	0	0	8	30	0	0	0
Zotu3849	0	0	0	0	1	2	0	1	0	0	0	0	0	1	0	43
Zotu3613	0	0	0	0	1	0	0	0	10	0	0	6	14	0	0	0
Zotu2673	0	0	0	0	3	0	0	12	0	0	0	0	0	0	0	4
Zotu4004	0	0	0	0	1	0	0	0	0	0	0	0	0	0	0	28
Zotu478	0	0	0	0	1	0	0	0	115	0	0	281	191	0	0	0
Zotu4195	0	0	0	0	1	0	0	0	5	1	0	0	7	0	1	0
Zotu3379	0	0	0	0	1	0	0	1	14	0	0	12	26	0	0	0
Zotu3120	0	0	0	0	1	0	0	0	7	1	3	0	8	0	0	0
Zotu1254	0	0	0	0	0	278	0	0	0	0	0	1	0	0	0	0
Zotu3001	0	0	0	0	0	155	0	0	0	0	0	0	0	0	2	0
Zotu3242	0	0	0	0	0	31	0	0	0	0	0	0	0	0	0	0
Zotu3068	0	0	0	0	0	1	0	0	5	1	30	4	14	0	0	5
Zotu2106	0	0	0	0	0	6	0	0	0	0	0	0	0	0	2	142
Zotu4082	0	0	0	0	0	23	0	0	0	0	0	0	0	0	0	0
Zotu2164	0	0	0	0	0	1	0	0	1	2	115	0	0	0	1	17
Zotu3775	0	0	0	0	0	30	0	0	0	0	0	0	0	0	1	0
Zotu1863	0	0	0	0	0	2	0	0	0	0	0	0	0	0	0	129
Zotu1608	0	0	0	0	0	3	0	0	0	0	0	0	0	0	0	152
Zotu4282	0	0	0	0	0	2	0	0	0	0	0	0	0	0	0	30
Zotu1673	0	0	0	0	0	2	0	1	0	0	0	0	0	0	0	87
Zotu3284	0	0	0	0	0	1	0	0	9	0	0	5	19	0	0	0
Zotu920	0	0	0	0	0	1	0	0	0	0	1	0	0	0	0	490
Zotu3039	0	0	0	0	0	3	0	0	0	0	0	0	0	0	0	37
Zotu3779	0	0	0	0	0	1	0	0	0	0	0	0	0	0	0	34
Zotu2450	0	0	0	0	0	2	0	0	0	0	1	0	0	1	0	51
Zotu2071	0	0	0	0	0	2	0	0	16	0	0	11	66	0	0	0
Zotu4115	0	0	0	0	0	1	0	0	1	0	11	1	0	0	0	9
Zotu2577	0	0	0	0	0	1	0	0	0	0	0	0	0	0	0	99
Zotu2626	0	0	0	0	0	4	0	0	0	0	0	0	0	0	2	72
Zotu4037	0	0	0	0	0	1	0	0	1	0	0	0	3	0	1	0
Zotu485	0	0	0	0	0	1	0	0	0	0	0	0	0	0	0	872
Zotu754	0	0	0	0	0	1	0	0	0	0	0	0	0	0	0	414
Zotu1132	0	0	0	0	0	1	0	0	0	0	0	0	0	0	0	242
Zotu4320	0	0	0	0	0	1	0	1	2	0	4	1	4	1	1	4
Zotu4224	0	0	0	0	0	3	0	0	0	0	0	0	0	0	0	19
Zotu2906	0	0	0	0	0	1	0	0	0	0	0	0	0	1	0	280
Zotu4130	0	0	0	0	0	1	0	0	0	1	0	0	0	0	0	37
Zotu1872	0	0	0	0	0	1	0	0	0	0	0	0	0	0	0	76
Zotu2454	0	0	0	0	0	1	0	0	7	5	0	4	31	0	0	2
Zotu1621	0	0	0	0	0	1	0	0	0	0	0	0	0	0	0	184
Zotu3885	0	0	0	0	0	3	0	0	0	0	0	0	0	0	0	54
Zotu3741	0	0	0	0	0	1	0	0	0	0	0	0	0	0	3	39
Zotu824	0	0	0	0	0	1	0	0	0	0	0	0	0	0	0	323
Zotu2532	0	0	0	0	0	2	0	0	0	0	0	0	0	0	0	25
Zotu4435	0	0	0	0	0	1	0	0	0	0	0	0	0	0	0	24
Zotu451	0	0	0	0	0	1	0	1	0	0	0	0	0	0	0	746
Zotu1447	0	0	0	0	0	1	0	0	0	0	0	0	0	0	0	168
Zotu1601	0	0	0	0	0	2	0	0	0	1	103	0	0	0	0	0
Zotu2386	0	0	0	0	0	1	0	0	0	0	0	0	0	0	0	48
Zotu3926	0	0	0	0	0	0	0	1	0	0	0	0	0	0	0	25
Zotu180	0	0	0	0	0	0	0	1	0	0	0	0	1	1	0	1921
Zotu2848	0	0	0	0	0	0	0	1	0	0	1	0	0	0	0	47
Zotu3956	0	0	0	0	0	0	0	1	8	0	3	11	4	0	0	0
Zotu355	0	0	0	0	0	0	0	1	0	0	0	0	0	0	0	772
Zotu3437	0	0	0	0	0	0	0	1	1	2	24	1	2	0	0	3
Zotu4043	0	0	0	0	0	0	0	3	0	0	32	0	0	0	0	0
Zotu3246	0	0	0	0	0	0	0	1	4	0	0	0	37	0	0	0
Zotu4299	0	0	0	0	0	0	0	1	2	0	17	0	6	0	0	0
Zotu4056	0	0	0	0	0	0	0	1	18	0	0	7	23	0	0	2
Zotu2499	0	0	0	0	0	0	0	0	15	0	0	26	82	0	0	0
Zotu3064	0	0	0	0	0	0	0	0	27	0	0	2	26	0	0	0
Zotu3871	0	0	0	0	0	0	0	0	8	0	0	11	33	0	0	0
Zotu862	0	0	0	0	0	0	0	0	15	0	10	24	263	0	0	6
Zotu2359	0	0	0	0	0	0	0	0	28	2	0	10	66	0	0	0
Zotu2250	0	0	0	0	0	0	0	0	15	0	0	12	18	0	0	0
Zotu3968	0	0	0	0	0	0	0	0	45	0	0	14	35	0	0	9
Zotu670	0	0	0	0	0	0	0	0	136	0	0	123	195	0	0	0
Zotu2846	0	0	0	0	0	0	0	0	40	0	1	26	44	0	0	0
Zotu3471	0	0	0	0	0	0	0	0	43	0	0	14	48	0	0	0
Zotu3058	0	0	0	0	0	0	0	0	38	0	0	18	34	0	0	0
Zotu877	0	0	0	0	0	0	0	0	63	0	1	71	151	0	0	0
Zotu883	0	0	0	0	0	0	0	0	45	0	0	62	178	0	1	0
Zotu3486	0	0	0	0	0	0	0	0	19	0	0	22	33	0	0	0
Zotu1459	0	0	0	0	0	0	0	0	53	0	3	37	65	0	1	0
Zotu2475	0	0	0	0	0	0	0	0	36	0	0	7	31	0	0	0
Zotu2161	0	0	0	0	0	0	0	0	21	0	45	23	10	0	0	0
Zotu4038	0	0	0	0	0	0	0	0	10	1	2	11	18	0	0	1
Zotu2553	0	0	0	0	0	0	0	0	15	2	2	14	36	0	0	0
Zotu1286	0	0	0	0	0	0	0	0	44	0	0	36	76	0	0	0
Zotu4173	0	0	0	0	0	0	0	0	5	0	0	5	34	0	0	0
Zotu3743	0	0	0	0	0	0	0	0	20	0	0	0	1	0	0	0
Zotu3703	0	0	0	0	0	0	0	0	7	0	0	1	3	0	0	0
Zotu4326	0	0	0	0	0	0	0	0	14	0	0	11	13	0	0	0
Zotu3883	0	0	0	0	0	0	0	0	11	0	0	12	19	0	0	0
Zotu4015	0	0	0	0	0	0	0	0	23	0	0	14	10	0	0	0
Zotu2261	0	0	0	0	0	0	0	0	5	1	24	2	6	0	0	24
Zotu3344	0	0	0	0	0	0	0	0	1	2	1	6	19	0	0	0
Zotu4285	0	0	0	0	0	0	0	0	4	0	5	5	12	0	0	2
Zotu2999	0	0	0	0	0	0	0	0	3	0	10	6	31	0	0	0
Zotu2433	0	0	0	0	0	0	0	0	12	1	1	6	28	0	0	3
Zotu3515	0	0	0	0	0	0	0	0	3	0	7	3	42	0	0	2
Zotu3525	0	0	0	0	0	0	0	0	11	0	0	4	15	0	0	0
Zotu3038	0	0	0	0	0	0	0	0	7	0	0	2	55	0	0	0
Zotu2746	0	0	0	0	0	0	0	0	7	0	4	8	37	0	2	0
Zotu1733	0	0	0	0	0	0	0	0	15	0	2	24	77	0	0	1
Zotu3416	0	0	0	0	0	0	0	0	1	0	0	0	1	0	0	77
Zotu4422	0	0	0	0	0	0	0	0	3	0	0	0	7	0	0	0
Zotu2962	0	0	0	0	0	0	0	0	11	0	0	11	21	0	0	0
Zotu2735	0	0	0	0	0	0	0	0	13	0	1	23	29	0	0	0
Zotu3505	0	0	0	0	0	0	0	0	7	0	5	3	12	0	1	0
Zotu4213	0	0	0	0	0	0	0	0	1	0	0	4	1	0	0	0
Zotu2957	0	0	0	0	0	0	0	0	2	0	0	2	46	0	0	0
Zotu1247	0	0	0	0	0	0	0	0	18	0	0	16	150	0	0	0
Zotu2342	0	0	0	0	0	0	0	0	28	0	21	16	44	0	0	0
Zotu3903	0	0	0	0	0	0	0	0	15	0	0	7	30	0	0	0
Zotu4156	0	0	0	0	0	0	0	0	3	0	159	2	6	0	0	0
Zotu4246	0	0	0	0	0	0	0	0	3	0	0	4	17	0	0	0
Zotu3293	0	0	0	0	0	0	0	0	6	0	0	10	6	0	0	0
Zotu3906	0	0	0	0	0	0	0	0	5	0	12	2	68	0	0	0
Zotu4120	0	0	0	0	0	0	0	0	9	3	1	0	7	0	0	0
Zotu2932	0	0	0	0	0	0	0	0	8	0	0	11	40	0	0	0
Zotu3908	0	0	0	0	0	0	0	0	8	0	7	1	3	0	0	13
Zotu2975	0	0	0	0	0	0	0	0	3	0	0	8	60	0	0	0
Zotu3797	0	0	0	0	0	0	0	0	8	1	0	13	22	0	0	0
Zotu4194	0	0	0	0	0	0	0	0	1	0	0	0	2	0	0	44
Zotu3917	0	0	0	0	0	0	0	0	6	1	27	4	15	0	0	0
Zotu3210	0	0	0	0	0	0	0	0	1	0	0	0	0	0	0	59
Zotu2997	0	0	0	0	0	0	0	0	1	0	0	0	0	0	0	84
Zotu4125	0	0	0	0	0	0	0	0	2	0	0	2	17	0	0	0
Zotu3770	0	0	0	0	0	0	0	0	1	0	0	0	0	0	0	40
Zotu4305	0	0	0	0	0	0	0	0	1	1	0	3	27	0	0	0
Zotu3934	0	0	0	0	0	0	0	0	1	1	0	0	0	0	0	35
Zotu3593	0	0	0	0	0	0	0	0	1	1	0	1	1	0	1	30
Zotu3539	0	0	0	0	0	0	0	0	1	0	0	0	0	0	0	19
Zotu2153	0	0	0	0	0	0	0	0	0	3	27	0	0	0	0	48
Zotu4159	0	0	0	0	0	0	0	0	0	1	16	0	0	0	0	2
Zotu2936	0	0	0	0	0	0	0	0	0	1	0	0	0	0	0	56
Zotu4049	0	0	0	0	0	0	0	0	0	1	0	0	0	0	0	6
Zotu4157	0	0	0	0	0	0	0	0	0	3	0	0	1	0	0	23
Zotu3716	0	0	0	0	0	0	0	0	0	1	0	8	1	0	0	0
Zotu2417	0	0	0	0	0	0	0	0	0	1	0	0	0	0	0	97
Zotu3318	0	0	0	0	0	0	0	0	0	1	0	0	0	0	0	61
Zotu2185	0	0	0	0	0	0	0	0	0	1	133	1	0	1	0	10
Zotu3599	0	0	0	0	0	0	0	0	0	0	82	1	0	0	0	0
Zotu3580	0	0	0	0	0	0	0	0	0	0	31	0	0	0	0	0
Zotu3443	0	0	0	0	0	0	0	0	0	0	1	0	0	1	0	65
Zotu3807	0	0	0	0	0	0	0	0	0	0	5	0	0	0	0	56
Zotu2504	0	0	0	0	0	0	0	0	0	0	27	0	1	0	0	81
Zotu3965	0	0	0	0	0	0	0	0	0	0	27	0	1	0	0	0
Zotu4205	0	0	0	0	0	0	0	0	0	0	5	0	0	0	0	23
Zotu2234	0	0	0	0	0	0	0	0	0	0	1	0	0	0	0	241
Zotu2831	0	0	0	0	0	0	0	0	0	0	1	0	0	0	0	57
Zotu4066	0	0	0	0	0	0	0	0	0	0	1	0	0	0	0	19
Zotu3006	0	0	0	0	0	0	0	0	0	0	1	0	0	0	0	55
Zotu4267	0	0	0	0	0	0	0	0	0	0	1	0	0	0	0	13
Zotu3858	0	0	0	0	0	0	0	0	0	0	1	0	0	0	0	31
Zotu4268	0	0	0	0	0	0	0	0	0	0	0	1	0	0	0	52
Zotu3097	0	0	0	0	0	0	0	0	0	0	0	0	22	0	0	0
Zotu4427	0	0	0	0	0	0	0	0	0	0	0	0	1	0	0	45
Zotu4116	0	0	0	0	0	0	0	0	0	0	0	0	0	16	0	0
Zotu3747	0	0	0	0	0	0	0	0	0	0	0	0	0	2	0	62
Zotu399	0	0	0	0	0	0	0	0	0	0	0	0	0	1	0	622
Zotu3754	0	0	0	0	0	0	0	0	0	0	0	0	0	1	0	34
Zotu2747	0	0	0	0	0	0	0	0	0	0	0	0	0	1	0	34
Zotu3445	0	0	0	0	0	0	0	0	0	0	0	0	0	0	2	55
Zotu4027	0	0	0	0	0	0	0	0	0	0	0	0	0	0	3	69
Zotu3878	0	0	0	0	0	0	0	0	0	0	0	0	0	0	1	143
Zotu3139	0	0	0	0	0	0	0	0	0	0	0	0	0	0	0	65
Zotu2360	0	0	0	0	0	0	0	0	0	0	0	0	0	0	0	108
Zotu3228	0	0	0	0	0	0	0	0	0	0	0	0	0	0	0	105
Zotu2483	0	0	0	0	0	0	0	0	0	0	0	0	0	0	0	83
Zotu1540	0	0	0	0	0	0	0	0	0	0	0	0	0	0	0	202
Zotu3016	0	0	0	0	0	0	0	0	0	0	0	0	0	0	0	75
Zotu2019	0	0	0	0	0	0	0	0	0	0	0	0	0	0	0	200
Zotu437	0	0	0	0	0	0	0	0	0	0	0	0	0	0	0	616
Zotu2292	0	0	0	0	0	0	0	0	0	0	0	0	0	0	0	54
Zotu3018	0	0	0	0	0	0	0	0	0	0	0	0	0	0	0	60
Zotu1140	0	0	0	0	0	0	0	0	0	0	0	0	0	0	0	177
Zotu3458	0	0	0	0	0	0	0	0	0	0	0	0	0	0	0	38
Zotu833	0	0	0	0	0	0	0	0	0	0	0	0	0	0	0	346
Zotu2942	0	0	0	0	0	0	0	0	0	0	0	0	0	0	0	52
Zotu1062	0	0	0	0	0	0	0	0	0	0	0	0	0	0	0	244
Zotu1089	0	0	0	0	0	0	0	0	0	0	0	0	0	0	0	212
Zotu842	0	0	0	0	0	0	0	0	0	0	0	0	0	0	0	636
Zotu1832	0	0	0	0	0	0	0	0	0	0	0	0	0	0	0	124
Zotu2160	0	0	0	0	0	0	0	0	0	0	0	0	0	0	0	101
Zotu2565	0	0	0	0	0	0	0	0	0	0	0	0	0	0	0	43
Zotu3964	0	0	0	0	0	0	0	0	0	0	0	0	0	0	0	62
Zotu1934	0	0	0	0	0	0	0	0	0	0	0	0	0	0	0	109
Zotu1796	0	0	0	0	0	0	0	0	0	0	0	0	0	0	0	86
Zotu3198	0	0	0	0	0	0	0	0	0	0	0	0	0	0	0	58
Zotu2614	0	0	0	0	0	0	0	0	0	0	0	0	0	0	0	149
Zotu3317	0	0	0	0	0	0	0	0	0	0	0	0	0	0	0	38
Zotu319	0	0	0	0	0	0	0	0	0	0	0	0	0	0	0	841
Zotu3795	0	0	0	0	0	0	0	0	0	0	0	0	0	0	0	27
Zotu1042	0	0	0	0	0	0	0	0	0	0	0	0	0	0	0	200
Zotu3218	0	0	0	0	0	0	0	0	0	0	0	0	0	0	0	14
Zotu3537	0	0	0	0	0	0	0	0	0	0	0	0	0	0	0	33
Zotu2199	0	0	0	0	0	0	0	0	0	0	0	0	0	0	0	46
Zotu3282	0	0	0	0	0	0	0	0	0	0	0	0	0	0	0	131
Zotu3347	0	0	0	0	0	0	0	0	0	0	0	0	0	0	0	64
Zotu4438	0	0	0	0	0	0	0	0	0	0	0	0	0	0	0	53
Zotu2456	0	0	0	0	0	0	0	0	0	0	0	0	0	0	0	50
Zotu2093	0	0	0	0	0	0	0	0	0	0	0	0	0	0	0	151
Zotu1542	0	0	0	0	0	0	0	0	0	0	0	0	0	0	0	138
Zotu4262	0	0	0	0	0	0	0	0	0	0	0	0	0	0	0	44
Zotu2123	0	0	0	0	0	0	0	0	0	0	0	0	0	0	0	79
Zotu4264	0	0	0	0	0	0	0	0	0	0	0	0	0	0	0	50
Zotu3029	0	0	0	0	0	0	0	0	0	0	0	0	0	0	0	51
Zotu3682	0	0	0	0	0	0	0	0	0	0	0	0	0	0	0	17
Zotu1973	0	0	0	0	0	0	0	0	0	0	0	0	0	0	0	110
Zotu4430	0	0	0	0	0	0	0	0	0	0	0	0	0	0	0	28
Zotu3536	0	0	0	0	0	0	0	0	0	0	0	0	0	0	0	38
Zotu2070	0	0	0	0	0	0	0	0	0	0	0	0	0	0	0	90
Zotu2028	0	0	0	0	0	0	0	0	0	0	0	0	0	0	0	146
Zotu2996	0	0	0	0	0	0	0	0	0	0	0	0	0	0	0	47
Zotu3336	0	0	0	0	0	0	0	0	0	0	0	0	0	0	0	115
Zotu3854	0	0	0	0	0	0	0	0	0	0	0	0	0	0	0	56
Zotu3166	0	0	0	0	0	0	0	0	0	0	0	0	0	0	0	32
Zotu3559	0	0	0	0	0	0	0	0	0	0	0	0	0	0	0	40
Zotu2769	0	0	0	0	0	0	0	0	0	0	0	0	0	0	0	52
Zotu3325	0	0	0	0	0	0	0	0	0	0	0	0	0	0	0	72
Zotu2077	0	0	0	0	0	0	0	0	0	0	0	0	0	0	0	73
Zotu2212	0	0	0	0	0	0	0	0	0	0	0	0	0	0	0	123
Zotu4372	0	0	0	0	0	0	0	0	0	0	0	0	0	0	0	33
Zotu3148	0	0	0	0	0	0	0	0	0	0	0	0	0	0	0	74
Zotu4005	0	0	0	0	0	0	0	0	0	0	0	0	0	0	0	29
Zotu4007	0	0	0	0	0	0	0	0	0	0	0	0	0	0	0	97
Zotu3208	0	0	0	0	0	0	0	0	0	0	0	0	0	0	0	41
Zotu3301	0	0	0	0	0	0	0	0	0	0	0	0	0	0	0	145
Zotu2304	0	0	0	0	0	0	0	0	0	0	0	0	0	0	0	79
Zotu2168	0	0	0	0	0	0	0	0	0	0	0	0	0	0	0	51
Zotu3887	0	0	0	0	0	0	0	0	0	0	0	0	0	0	0	25
Zotu3032	0	0	0	0	0	0	0	0	0	0	0	0	0	0	0	35
Zotu3461	0	0	0	0	0	0	0	0	0	0	0	0	0	0	0	19
Zotu3268	0	0	0	0	0	0	0	0	0	0	0	0	0	0	0	32
Zotu3223	0	0	0	0	0	0	0	0	0	0	0	0	0	0	0	83
Zotu4122	0	0	0	0	0	0	0	0	0	0	0	0	0	0	0	35
Zotu4273	0	0	0	0	0	0	0	0	0	0	0	0	0	0	0	29
Zotu3864	0	0	0	0	0	0	0	0	0	0	0	0	0	0	0	82
Zotu3545	0	0	0	0	0	0	0	0	0	0	0	0	0	0	0	50
Zotu2874	0	0	0	0	0	0	0	0	0	0	0	0	0	0	0	71
Zotu4202	0	0	0	0	0	0	0	0	0	0	0	0	0	0	0	20
Zotu3334	0	0	0	0	0	0	0	0	0	0	0	0	0	0	0	43
Zotu3534	0	0	0	0	0	0	0	0	0	0	0	0	0	0	0	15
Zotu4146	0	0	0	0	0	0	0	0	0	0	0	0	0	0	0	21
Zotu4176	0	0	0	0	0	0	0	0	0	0	0	0	0	0	0	38
Zotu3994	0	0	0	0	0	0	0	0	0	0	0	0	0	0	0	60
Zotu3041	0	0	0	0	0	0	0	0	0	0	0	0	0	0	0	57
Zotu3060	0	0	0	0	0	0	0	0	0	0	0	0	0	0	0	76
Zotu3914	0	0	0	0	0	0	0	0	0	0	0	0	0	0	0	23
Zotu3803	0	0	0	0	0	0	0	0	0	0	0	0	0	0	0	14
Zotu4055	0	0	0	0	0	0	0	0	0	0	0	0	0	0	0	55
Zotu3157	0	0	0	0	0	0	0	0	0	0	0	0	0	0	0	53
Zotu3958	0	0	0	0	0	0	0	0	0	0	0	0	0	0	0	24
Zotu4209	0	0	0	0	0	0	0	0	0	0	0	0	0	0	0	27
Zotu3274	0	0	0	0	0	0	0	0	0	0	0	0	0	0	0	18
Zotu2899	0	0	0	0	0	0	0	0	0	0	0	0	0	0	0	29
Zotu3990	0	0	0	0	0	0	0	0	0	0	0	0	0	0	0	34
